Symbol,Date,Open,High,Low,Close,Volume
AAAU,08-Jan-2020,15.75,15.75,15.4865,15.56,136600
AADR,08-Jan-2020,54.07,54.63,54.07,54.4789,184700
AAMC,08-Jan-2020,13.5256,13.683,12.83,13.683,2400
AAU,08-Jan-2020,0.57,0.59,0.54,0.54,302300
ACES,08-Jan-2020,34.8,35.1025,34.75,34.9951,12300
ACIO,08-Jan-2020,25.6436,25.69,25.609,25.609,11300
ACSG,08-Jan-2020,28.13,28.13,28.13,28.13,400
ACSI,08-Jan-2020,35.43,35.67,35.42,35.5348,1800
ACU,08-Jan-2020,23.6159,23.9207,23.6,23.849,8600
ACWF,08-Jan-2020,31.05,31.3198,31.05,31.2373,5500
ACWV,08-Jan-2020,95.64,96,95.64,95.74,478000
ACY,08-Jan-2020,4.5,4.57,4.5,4.56,1400
ADME,08-Jan-2020,30.52,30.69,30.52,30.5983,9800
AE,08-Jan-2020,38.95,39.3035,38.025,38.6,10100
AEF,08-Jan-2020,7.7,7.78,7.68,7.74,52600
AESR,08-Jan-2020,10.16,10.16,10.1365,10.1365,3300
AFIF,08-Jan-2020,9.7237,9.735,9.7237,9.735,50400
AFK,08-Jan-2020,20.11,20.4399,20.11,20.35,21900
AFLG,08-Jan-2020,20.4852,20.4852,20.4852,20.4852,100
AFMC,08-Jan-2020,20.3309,20.3309,20.3309,20.3309,0
AFSM,08-Jan-2020,20.3844,20.3844,20.3844,20.3844,0
AFTY,08-Jan-2020,17.5669,17.6105,17.5669,17.568,1200
AGE,08-Jan-2020,1.8,1.94,1.7913,1.91,35500
AGG,08-Jan-2020,112.85,112.94,112.545,112.67,7323100
AGGP,08-Jan-2020,19.77,19.7767,19.7527,19.7548,16300
AGGY,08-Jan-2020,52.46,52.469,52.3061,52.38,169800
AGQ,08-Jan-2020,33.46,33.5,32.25,32.48,634200
AGT,08-Jan-2020,22.75,22.91,22.68,22.8571,4800
AGZ,08-Jan-2020,116.07,116.07,115.7342,115.87,12400
AIEQ,08-Jan-2020,28.79,29.0449,28.79,28.96,48700
AIIQ,08-Jan-2020,26.9137,27.0131,26.9137,26.96,2700
AIM,08-Jan-2020,0.6655,0.6735,0.61,0.6519,995000
AINC,08-Jan-2020,22.92,23.23,22.88,23.1027,1900
AIRI,08-Jan-2020,2.95,3,2.51,2.66,1160000
ALFA,08-Jan-2020,59.2997,59.3,59.23,59.2959,21800
ALTS,08-Jan-2020,38,38.05,38,38.0334,1400
AMBO,08-Jan-2020,1.99,1.99,1.67,1.67,3900
AMJ,08-Jan-2020,22.65,22.78,22.31,22.47,3726800
AMLP,08-Jan-2020,44.2,44.5,43.6,44.05,38826800
AMOM,08-Jan-2020,26.1633,26.1633,26.1633,26.1633,100
AMPE,08-Jan-2020,0.73,0.7499,0.66,0.7199,1545100
AMS,08-Jan-2020,2.41,2.42,2.4,2.42,2200
AMU,08-Jan-2020,14.2922,14.2922,14.06,14.17,90900
AMUB,08-Jan-2020,14.1469,14.1469,14.1469,14.1469,0
AMZA,08-Jan-2020,47,47.3,46,46.3,654600
AOA,08-Jan-2020,58.06,58.37,58.0469,58.23,65500
AOK,08-Jan-2020,36.34,36.3801,36.3214,36.3222,69000
AOM,08-Jan-2020,40.22,40.3,40.17,40.2,1078800
AOR,08-Jan-2020,47.93,48.0483,47.8819,47.92,93300
APT,08-Jan-2020,3.51,3.57,3.4,3.5,18400
ARCM,08-Jan-2020,100.035,100.035,100.035,100.035,100
ARGT,08-Jan-2020,26.43,26.74,26.38,26.6,51600
ARKF,08-Jan-2020,24.62,24.98,24.62,24.8804,25000
ARKG,08-Jan-2020,33.31,34.02,33.28,33.83,149400
ARKK,08-Jan-2020,51.11,52.51,51.1062,52.29,378700
ARKQ,08-Jan-2020,38.41,39,38.33,38.87,43800
ARKW,08-Jan-2020,60.17,61.2999,60.1,60.99,94900
ARMP,08-Jan-2020,2.8,2.8,2.7,2.75,12700
ASEA,08-Jan-2020,15.8852,16.16,15.8852,15.9385,5000
ASHR,08-Jan-2020,29.9,30.26,29.9,30.11,11513000
ASHS,08-Jan-2020,28.76,28.93,28.582,28.86,32900
ASHX,08-Jan-2020,21.19,21.34,21.19,21.2925,900
ASM,08-Jan-2020,0.592,0.5999,0.5735,0.574,267800
ATMP,08-Jan-2020,18.28,18.28,18,18.05,119500
ATNM,08-Jan-2020,7.2,7.206,6.897,7.14,1513400
AUG,08-Jan-2020,1.35,1.35,1.284,1.29,159400
AUMN,08-Jan-2020,0.315,0.3243,0.3101,0.3163,173600
AUSF,08-Jan-2020,26.0565,26.1399,26.05,26.0704,6300
AVDE,08-Jan-2020,53.76,54.0299,53.76,53.8665,2500
AVDV,08-Jan-2020,55.25,55.369,55.165,55.165,2700
AVEM,08-Jan-2020,54.6,55.1976,54.59,54.83,8600
AVUS,08-Jan-2020,54.59,55.075,54.56,54.81,11500
AVUV,08-Jan-2020,53.74,53.74,53.3505,53.3505,5600
AWTM,08-Jan-2020,50.45,50.46,50.44,50.44,2100
AWX,08-Jan-2020,1.89,1.89,1.82,1.83,17300
AXU,08-Jan-2020,2.13,2.165,2.02,2.13,2202700
BAB,08-Jan-2020,31.95,31.97,31.8,31.85,434700
BAL,08-Jan-2020,41.65,41.72,41.65,41.72,300
BAPR,08-Jan-2020,27.971,28.1127,27.971,28.03,107800
BAR,08-Jan-2020,15.72,15.7385,15.46,15.54,674800
BATT,08-Jan-2020,11.21,11.257,11.1775,11.2,3900
BAUG,08-Jan-2020,26.74,26.82,26.71,26.7295,4100
BBAX,08-Jan-2020,26.01,26.17,25.92,26.1,87500
BBC,08-Jan-2020,36.84,37.4308,36.69,37.43,87100
BBCA,08-Jan-2020,26.18,26.22,26.1,26.12,145700
BBEU,08-Jan-2020,25.43,25.59,25.42,25.53,354800
BBIN,08-Jan-2020,51.9334,51.9334,51.9334,51.9334,100
BBJP,08-Jan-2020,24.6,24.73,24.57,24.67,652200
BBP,08-Jan-2020,43.27,43.937,43.27,43.818,2100
BBRE,08-Jan-2020,87.36,87.78,87.23,87.6652,10600
BBSA,08-Jan-2020,25.52,25.52,25.485,25.485,3200
BBUS,08-Jan-2020,58.24,58.72,58.21,58.52,32300
BCD,08-Jan-2020,24.395,24.4764,24.3783,24.4764,500
BCI,08-Jan-2020,22.81,22.88,22.5036,22.62,67700
BCM,08-Jan-2020,29.51,29.51,29.0725,29.2042,2100
BCV,08-Jan-2020,26.14,26.3016,25.87,26,40800
BCV-A,08-Jan-2020,26.12,26.12,26.12,26.12,0
BDCS,08-Jan-2020,20.5,20.53,20.5,20.515,10900
BDCY,08-Jan-2020,27.0046,27.0046,27.0046,27.0046,100
BDCZ,08-Jan-2020,20.5086,20.5086,20.5086,20.5086,100
BDEC,08-Jan-2020,27,27.11,27,27.0657,2600
BDL,08-Jan-2020,22.26,22.302,22.25,22.25,400
BDR,08-Jan-2020,0.69,0.7671,0.69,0.7671,5900
BDRY,08-Jan-2020,13.3047,13.76,13.2,13.655,7600
BFOR,08-Jan-2020,42.8624,42.96,42.74,42.8719,17900
BGI,08-Jan-2020,0.9498,0.9498,0.9498,0.9498,200
BHB,08-Jan-2020,24.25,24.65,24.25,24.5,11900
BIBL,08-Jan-2020,30.6,30.8283,30.6,30.74,4900
BIL,08-Jan-2020,91.46,91.47,91.46,91.47,1286100
BIOX,08-Jan-2020,5.06,5.31,4.86,5.12,26300
BIV,08-Jan-2020,87.69,87.7562,87.43,87.49,705300
BIZD,08-Jan-2020,16.77,16.81,16.75,16.79,50400
BJAN,08-Jan-2020,29.31,29.375,29.19,29.31,193100
BJUL,08-Jan-2020,27.7742,27.7935,27.73,27.7935,3800
BJUN,08-Jan-2020,28.46,28.46,28.445,28.445,200
BKF,08-Jan-2020,45.63,46.26,45.6144,45.975,45100
BKLN,08-Jan-2020,22.88,22.91,22.88,22.91,12548800
BKTI,08-Jan-2020,3.01,3.15,2.975,2.975,4600
BLES,08-Jan-2020,30.255,30.3898,30.2,30.2797,3800
BLHY,08-Jan-2020,23.99,23.99,23.975,23.99,3900
BLOK,08-Jan-2020,19.14,19.2879,19.14,19.27,25900
BLV,08-Jan-2020,101.09,101.3976,100.4304,100.57,574900
BNDC,08-Jan-2020,25.5674,25.5674,25.515,25.515,400
BNKD,08-Jan-2020,23.83,24.1079,23.82,24.1079,91900
BNKO,08-Jan-2020,69.6545,69.6545,69.6545,69.6545,100
BNKU,08-Jan-2020,78.53,78.53,78.1075,78.1075,300
BNKZ,08-Jan-2020,31.6268,31.6268,31.6268,31.6268,0
BNO,08-Jan-2020,21.59,21.62,20.6,21.01,577800
BNOV,08-Jan-2020,26.79,26.8114,26.78,26.7951,3100
BOCT,08-Jan-2020,26.3225,26.4094,26.3083,26.33,14000
BOIL,08-Jan-2020,82.3,82.8,79.639,82.5,547900
BOND,08-Jan-2020,108.28,108.39,108.09,108.12,120600
BOSS,08-Jan-2020,20.76,20.875,20.76,20.7967,214000
BOUT,08-Jan-2020,21,21.15,20.9997,21.0536,2100
BRBS,08-Jan-2020,20.99,20.9938,20.75,20.8,1300
BRF,08-Jan-2020,27.61,27.888,27.5179,27.71,7100
BRG,08-Jan-2020,11.86,11.94,11.75,11.9,105300
BRG-A,08-Jan-2020,26.19,26.2,26.1337,26.19,6800
BRG-C,08-Jan-2020,26.1,26.1,26.1,26.1,2000
BRG-D,08-Jan-2020,25.61,25.75,25.6,25.75,20500
BRM.W,08-Jan-2020,0.3999,0.4,0.381,0.3899,82700
BRN,08-Jan-2020,1.16,1.16,1.0151,1.13,70800
BRZU,08-Jan-2020,1317.05,1362.9,1296.75,1318.8,1151200
BSEP,08-Jan-2020,26.0418,26.0418,26.0418,26.0418,0
BSV,08-Jan-2020,80.76,80.77,80.6645,80.67,910200
BTAL,08-Jan-2020,22.25,22.33,22.12,22.1643,114200
BTG,08-Jan-2020,4.04,4.04,3.8,3.81,8820300
BTN,08-Jan-2020,3.3,3.35,3.2922,3.35,12600
BUL,08-Jan-2020,26.2289,26.2289,26.2289,26.2289,100
BUY,08-Jan-2020,20.5439,20.5439,20.5439,20.5439,0
BWL.A,08-Jan-2020,15.5318,15.5318,15.5318,15.5318,100
BWX,08-Jan-2020,28.74,28.74,28.6,28.66,456600
BWZ,08-Jan-2020,30.74,30.8098,30.63,30.65,19600
BYLD,08-Jan-2020,25.72,25.74,25.66,25.6898,45400
BZQ,08-Jan-2020,18.57,18.74,18.15,18.54,193100
CALF,08-Jan-2020,26.8799,26.98,26.8791,26.8791,13000
CANE,08-Jan-2020,7.06,7.1,7,7.05,56700
CANF,08-Jan-2020,3.65,3.65,3.31,3.46,205100
CAPE,08-Jan-2020,148.82,149.68,148.7333,149.4107,1900
CBOE,08-Jan-2020,118.22,118.55,115.71,117.01,1039200
CBON,08-Jan-2020,22.2051,22.3214,22.2051,22.3214,500
CCF,08-Jan-2020,109.66,109.66,107.27,108.44,12400
CCOR,08-Jan-2020,27.77,27.9379,27.758,27.8336,1900
CDOR,08-Jan-2020,11.08,11.08,11.07,11.08,97400
CEF,08-Jan-2020,15.22,15.2262,14.92,15.02,1054100
CEFS,08-Jan-2020,20.8002,20.89,20.8002,20.8735,4000
CEI,08-Jan-2020,3.72,4.1,2.86,3.22,16121100
CEMB,08-Jan-2020,52.06,52.1,51.965,52.05,39600
CET,08-Jan-2020,33.18,33.4274,33.1636,33.3654,5400
CEV,08-Jan-2020,13.6,13.6,13.47,13.49,26500
CEW,08-Jan-2020,18.58,18.605,18.58,18.595,1800
CGW,08-Jan-2020,40.54,40.8848,40.54,40.71,65300
CHAD,08-Jan-2020,27.2,27.2,26.8965,27.0006,32000
CHAU,08-Jan-2020,24.78,25.4,24.78,25.11,442800
CHEP,08-Jan-2020,20.56,20.56,20.56,20.56,0
CHGX,08-Jan-2020,23.4,23.534,23.4,23.4427,1600
CHIC,08-Jan-2020,25.85,26.04,25.8465,26.04,1300
CHIE,08-Jan-2020,11.14,11.14,10.8452,10.8452,2800
CHIH,08-Jan-2020,17.84,17.88,17.77,17.77,2500
CHII,08-Jan-2020,13.76,13.85,13.62,13.71,500
CHIK,08-Jan-2020,20.642,20.895,20.642,20.72,5100
CHIL,08-Jan-2020,30.39,30.39,30.25,30.25,600
CHIM,08-Jan-2020,17.155,17.155,16.909,17.15,1700
CHIQ,08-Jan-2020,19.06,19.39,19.06,19.33,72700
CHIR,08-Jan-2020,19.64,19.7394,19.64,19.7394,100
CHIS,08-Jan-2020,22.12,22.15,21.9176,22.13,9000
CHIU,08-Jan-2020,15.3716,15.3716,15.3716,15.3716,100
CHIX,08-Jan-2020,16.32,16.4499,16.25,16.34,41900
CIK,08-Jan-2020,3.24,3.27,3.24,3.25,175100
CIX,08-Jan-2020,14.99,15,14.705,15,600
CKX,08-Jan-2020,9.318,9.318,9.318,9.318,100
CLIX,08-Jan-2020,50.2,50.7111,50.12,50.3868,6300
CLM,08-Jan-2020,11.29,11.32,11.28,11.32,582700
CLTL,08-Jan-2020,105.63,105.63,105.6,105.605,2000
CMBS,08-Jan-2020,53,53.19,52.8943,53.05,83900
CMCL,08-Jan-2020,8.5,8.67,8.5,8.56,9000
CMDY,08-Jan-2020,45.64,45.64,45.1436,45.1436,4600
CMF,08-Jan-2020,61.57,61.65,61.57,61.57,76300
CMT,08-Jan-2020,3.49,3.5,3.39,3.49,6000
CN,08-Jan-2020,35.12,35.44,35.12,35.2631,2500
CNBS,08-Jan-2020,12.51,12.66,12.321,12.512,8600
CNRG,08-Jan-2020,46.07,46.9856,45.932,46.6874,16400
CNXT,08-Jan-2020,30.9,31.1752,30.8001,31.0939,9800
CNYA,08-Jan-2020,30.79,31.0217,30.69,30.82,21000
COHN,08-Jan-2020,4.3289,4.58,3.8392,4.35,12100
COM,08-Jan-2020,23.81,23.81,23.6448,23.6448,1000
COMB,08-Jan-2020,24.47,24.47,24.05,24.1836,8900
COPX,08-Jan-2020,20.07,20.13,19.95,20.01,44400
CORN,08-Jan-2020,14.62,14.71,14.61,14.71,30000
CORP,08-Jan-2020,109.96,110.376,109.96,110.06,23200
COW,08-Jan-2020,45.31,45.6799,45.31,45.4297,31400
COWZ,08-Jan-2020,30.8,31.01,30.7501,30.9,44000
CPER,08-Jan-2020,17.57,17.6,17.51,17.5851,5900
CPHI,08-Jan-2020,0.2703,0.3199,0.27,0.308,1240500
CPI,08-Jan-2020,27.96,27.96,27.88,27.9148,2000
CQP,08-Jan-2020,41.45,41.67,40.21,40.47,223800
CQQQ,08-Jan-2020,54.85,55.96,54.82,55.72,183300
CRAK,08-Jan-2020,28.59,28.6626,28.4,28.5921,15700
CRBN,08-Jan-2020,129.7,130.67,129.665,130.2195,11700
CRF,08-Jan-2020,11.02,11.05,11,11.02,402200
CRHM,08-Jan-2020,3.85,4.05,3.82,3.93,66100
CRMD,08-Jan-2020,6.71,6.73,6.35,6.65,467400
CROC,08-Jan-2020,58.3222,58.3222,58.3222,58.3222,100
CSD,08-Jan-2020,49.98,50.16,49.98,50.0231,1000
CSM,08-Jan-2020,77.32,77.8307,77.29,77.455,17700
CTEK,08-Jan-2020,3.17,3.25,3.17,3.25,4300
CTO,08-Jan-2020,60.68,61.7247,60.5581,61.27,19800
CURE,08-Jan-2020,73.13,75.53,73.13,74.49,82900
CUT,08-Jan-2020,28.14,28.31,28.0542,28.2326,19100
CVM,08-Jan-2020,8.48,8.68,7.76,7.95,1142400
CVR,08-Jan-2020,26.5069,26.5069,26,26,400
CVU,08-Jan-2020,6.73,6.79,6.61,6.68,22100
CVY,08-Jan-2020,23.24,23.3133,23.19,23.2581,17800
CWB,08-Jan-2020,56.45,56.7999,56.4401,56.66,724200
CWEB,08-Jan-2020,31.43,32.6,31.226,32.23,80700
CWI,08-Jan-2020,25.66,25.8742,25.66,25.81,587600
CWS,08-Jan-2020,37.2328,37.498,37.2328,37.295,1200
CYB,08-Jan-2020,25.14,25.18,25.14,25.18,2200
CZA,08-Jan-2020,76.28,76.86,76.28,76.5345,26200
DALT,08-Jan-2020,10.29,10.3199,10.29,10.3142,12800
DAUD,08-Jan-2020,34.51,34.93,34.0603,34.0603,900
DAUG,08-Jan-2020,30.7666,30.7666,30.7666,30.7666,100
DBA,08-Jan-2020,16.34,16.34,16.29,16.31,179300
DBAW,08-Jan-2020,29.11,29.31,29.098,29.2379,6700
DBB,08-Jan-2020,15.18,15.2525,15.18,15.25,31300
DBC,08-Jan-2020,16.17,16.175,15.79,15.94,2340100
DBE,08-Jan-2020,14.89,14.8957,14.28,14.56,121600
DBEF,08-Jan-2020,33.89,34.19,33.89,34.07,582700
DBEH,08-Jan-2020,25.2596,25.2596,25.2596,25.2596,0
DBEM,08-Jan-2020,23.9,24.11,23.8686,23.87,18200
DBEU,08-Jan-2020,31.14,31.44,31.14,31.33,85500
DBEZ,08-Jan-2020,33.72,33.76,33.7,33.7,2500
DBGR,08-Jan-2020,28.91,29.076,28.91,29.076,300
DBJP,08-Jan-2020,42.74,43.19,42.74,43.01,50100
DBLV,08-Jan-2020,75.32,75.48,74.9207,75.48,1000
DBMF,08-Jan-2020,26.16,26.16,25.6231,25.6231,600
DBO,08-Jan-2020,10.9,10.92,10.3551,10.56,664000
DBP,08-Jan-2020,43.15,43.15,42.44,42.64,91700
DBS,08-Jan-2020,26.24,26.24,25.94,25.99,6000
DBV,08-Jan-2020,24.297,24.38,24.297,24.38,200
DCHF,08-Jan-2020,27.376,27.376,27.376,27.376,100
DDG,08-Jan-2020,24.665,24.665,24.665,24.665,100
DDLS,08-Jan-2020,32.7,32.935,32.7,32.92,3500
DDM,08-Jan-2020,55.64,56.9299,55.58,56.47,257600
DDWM,08-Jan-2020,30.3204,30.5399,30.26,30.44,97400
DEEF,08-Jan-2020,28.5974,28.93,28.5974,28.6864,6600
DEF,08-Jan-2020,55.6,56.1179,55.6,55.91,17200
DEFA,08-Jan-2020,29.375,29.375,29.33,29.33,300
DEM,08-Jan-2020,45.56,45.97,45.49,45.77,524300
DES,08-Jan-2020,28.35,28.4383,28.2603,28.3,283700
DEUR,08-Jan-2020,35.8036,35.92,35.8036,35.8997,600
DEUS,08-Jan-2020,36.2543,36.4417,36.23,36.3102,4700
DEW,08-Jan-2020,48.3051,48.57,48.3051,48.4133,4800
DFE,08-Jan-2020,64.13,64.5,64.07,64.25,24800
DFEN,08-Jan-2020,65.46,65.46,63.401,63.5,117800
DFJ,08-Jan-2020,73.62,74.0353,73.62,73.8295,44800
DFND,08-Jan-2020,31.745,31.745,31.745,31.745,200
DFVL,08-Jan-2020,71.9385,71.9385,71.9385,71.9385,0
DFVS,08-Jan-2020,26.6857,26.6857,26.6857,26.6857,0
DGBP,08-Jan-2020,26.17,26.36,26.17,26.3568,300
DGL,08-Jan-2020,46.9202,46.9202,46.2685,46.46,57100
DGP,08-Jan-2020,32.9,32.9,31.7401,32.2323,33500
DGRO,08-Jan-2020,41.86,42.18,41.8266,41.98,1505600
DGS,08-Jan-2020,47.12,47.58,47.045,47.33,209900
DGT,08-Jan-2020,90.1,90.1,89.85,89.8878,3000
DGZ,08-Jan-2020,11.95,12.2374,11.95,12.0334,20700
DHS,08-Jan-2020,76.19,76.51,76.14,76.33,105200
DHY,08-Jan-2020,2.49,2.5,2.4869,2.49,318000
DIA,08-Jan-2020,285.32,288.67,285.0825,287.4,3138600
DIAL,08-Jan-2020,20.91,20.91,20.86,20.89,147000
DIG,08-Jan-2020,261.6,261.6,251.8,252.4,127300
DIM,08-Jan-2020,65.29,65.73,65.29,65.5958,19200
DIT,08-Jan-2020,74,74,74,74,100
DIV,08-Jan-2020,23.71,23.74,23.61,23.63,166700
DIVA,08-Jan-2020,24.0641,24.1308,24.0501,24.111,1200
DIVB,08-Jan-2020,30.69,30.8159,30.6513,30.749,2300
DIVC,08-Jan-2020,36.73,36.73,36.73,36.73,0
DIVO,08-Jan-2020,30.96,30.96,30.59,30.7103,34000
DJCB,08-Jan-2020,15.1842,15.1842,15.1842,15.1842,0
DJCI,08-Jan-2020,15.3,15.3,15.1,15.1514,6400
DJD,08-Jan-2020,39,39.4567,39,39.2551,25300
DJP,08-Jan-2020,23.02,23.06,22.6901,22.85,348700
DJPY,08-Jan-2020,24.3261,24.3261,24.3261,24.3261,0
DLA,08-Jan-2020,30.07,30.5,29.6413,30.48,24300
DLN,08-Jan-2020,105.56,106.29,105.52,105.88,46800
DLS,08-Jan-2020,70.33,70.7883,70.33,70.6,49100
DMDV,08-Jan-2020,26.29,26.3045,26.29,26.3045,300
DMF,08-Jan-2020,8.93,8.96,8.9,8.94,99000
DMRE,08-Jan-2020,52.5305,52.5305,52.5305,52.5305,0
DMRI,08-Jan-2020,51.995,51.995,51.995,51.995,100
DMRL,08-Jan-2020,62.14,62.15,62.0606,62.0606,500
DMRM,08-Jan-2020,53.78,53.78,53.78,53.78,100
DMRS,08-Jan-2020,55.1907,55.1907,55.1907,55.1907,100
DNL,08-Jan-2020,65.69,66.17,65.6,65.9479,14500
DNN,08-Jan-2020,0.4,0.4123,0.396,0.4117,343500
DNOV,08-Jan-2020,31.13,31.17,31.05,31.1118,12400
DOG,08-Jan-2020,49.29,49.31,48.73,48.94,333900
DOL,08-Jan-2020,48.88,49.16,48.88,49.02,30300
DON,08-Jan-2020,37.77,37.885,37.62,37.77,331700
DOO,08-Jan-2020,42.5907,42.7799,42.5901,42.712,2700
DPST,08-Jan-2020,486.2,503.8,486.2,498.198,31700
DPW,08-Jan-2020,1.65,1.7497,1.51,1.64,813800
DRIP,08-Jan-2020,42.7917,47.9167,42.3824,47.05,923200
DRN,08-Jan-2020,28.03,28.395,27.86,28.22,24900
DRSK,08-Jan-2020,27.39,27.47,27.37,27.4,29700
DRV,08-Jan-2020,27.4032,27.4032,27.0014,27.0014,5900
DRW,08-Jan-2020,31.16,31.27,31.1,31.22,23700
DSI,08-Jan-2020,120.47,121.7,120.47,121.2405,51600
DSS,08-Jan-2020,9.3,9.9,9.24,9.39,64500
DSTL,08-Jan-2020,31.21,31.21,30.7354,30.9593,24600
DTD,08-Jan-2020,105.04,105.75,105.0195,105.3708,42100
DTEC,08-Jan-2020,32.62,33.02,32.62,32.8916,7200
DTH,08-Jan-2020,41.94,42.072,41.85,41.97,32300
DTN,08-Jan-2020,91.77,92.3749,91.7156,91.99,19500
DUG,08-Jan-2020,37.48,38.81,37.48,38.75,73200
DURA,08-Jan-2020,29.6093,29.6752,29.6093,29.6195,1700
DUSL,08-Jan-2020,38.36,39.2893,38.36,38.7892,4000
DUST,08-Jan-2020,139.75,157.25,139.0075,154,25052500
DVYA,08-Jan-2020,43.9959,43.9959,43.9959,43.9959,200
DVYE,08-Jan-2020,40.49,40.88,40.4407,40.76,123100
DWM,08-Jan-2020,53.28,53.5691,53.23,53.35,28100
DWMF,08-Jan-2020,25.739,25.84,25.67,25.7623,34800
DWX,08-Jan-2020,39.97,40.2,39.9,40.07,132800
DXD,08-Jan-2020,22.47,22.51,21.975,22.17,907800
DXF,08-Jan-2020,1.3,1.38,1.16,1.1848,58200
DXJ,08-Jan-2020,53.69,54.33,53.59,54.09,1064900
DXR,08-Jan-2020,9.37,9.68,9.05,9.65,4100
DYNF,08-Jan-2020,28.3872,28.55,28.3872,28.4381,8900
DZK,08-Jan-2020,73.4205,74.3821,73.4205,73.9595,1400
DZZ,08-Jan-2020,4.2299,4.3703,4.2001,4.2923,46000
EAD,08-Jan-2020,8.51,8.56,8.5055,8.55,150400
EAGG,08-Jan-2020,53.82,53.8291,53.67,53.71,17400
EASG,08-Jan-2020,26.61,26.71,26.61,26.71,3800
EBND,08-Jan-2020,27.79,27.9,27.79,27.85,214000
ECF,08-Jan-2020,11.93,11.94,11.57,11.7499,62800
ECF-A,08-Jan-2020,25.62,25.7386,25.62,25.6808,1500
ECH,08-Jan-2020,34.1,34.5,34.1,34.26,709100
ECLN,08-Jan-2020,20.7974,20.7974,20.7974,20.7974,0
ECNS,08-Jan-2020,41.01,41.64,41.01,41.495,5600
ECON,08-Jan-2020,23.61,23.92,23.59,23.79,33900
EDC,08-Jan-2020,88.58,91.89,88.335,90.38,237600
EDEN,08-Jan-2020,67.38,67.525,67.38,67.5074,1000
EDIV,08-Jan-2020,31.81,32.1499,31.81,32.0299,26900
EDOG,08-Jan-2020,21.7538,22,21.7538,21.9169,4000
EDOW,08-Jan-2020,25.99,26.1653,25.99,26.0909,27100
EDV,08-Jan-2020,132.66,133.2,130.8,131.63,156300
EDZ,08-Jan-2020,33.77,33.77,32.45,33.01,212300
EEH,08-Jan-2020,22.74,22.74,22.7298,22.7298,200
EELV,08-Jan-2020,23.45,23.72,23.45,23.62,24600
EEM,08-Jan-2020,44.72,45.3,44.69,45.05,86913200
EEMD,08-Jan-2020,22.51,22.62,22.51,22.5813,200
EEMO,08-Jan-2020,17.8261,17.8261,17.7245,17.7442,700
EEMS,08-Jan-2020,44.53,44.96,44.46,44.91,95300
EEMV,08-Jan-2020,58.23,58.73,58.23,58.56,739300
EEMX,08-Jan-2020,65.8108,65.8108,65.5,65.5,500
EES,08-Jan-2020,38.09,38.34,38.02,38.02,55000
EET,08-Jan-2020,80.485,81.85,80.0314,80.99,10500
EEV,08-Jan-2020,35.42,35.42,34.58,34.965,29000
EFA,08-Jan-2020,69.27,69.74,69.26,69.55,14249500
EFAD,08-Jan-2020,40.36,40.78,40.36,40.66,39600
EFAV,08-Jan-2020,74.42,74.66,74.3437,74.45,989800
EFAX,08-Jan-2020,72.2,72.929,72.2,72.43,5300
EFG,08-Jan-2020,86.29,86.858,86.1739,86.62,203500
EFNL,08-Jan-2020,37.99,38.12,37.879,38.028,5500
EFO,08-Jan-2020,42.26,42.8671,42.26,42.8671,700
EFU,08-Jan-2020,20.03,20.14,19.9907,20.04,3100
EFV,08-Jan-2020,49.8,50.11,49.8,49.98,489000
EFZ,08-Jan-2020,24.3,24.3,24.14,24.1969,10700
EGPT,08-Jan-2020,28.1376,28.5,28.1376,28.18,2700
EIDO,08-Jan-2020,25.53,25.805,25.46,25.67,539200
EIM,08-Jan-2020,12.9,12.9424,12.88,12.93,114800
EINC,08-Jan-2020,56.04,56.04,55.6947,55.6947,4500
EIRL,08-Jan-2020,46.1,46.16,46.1,46.15,4700
EIS,08-Jan-2020,57.46,57.96,57.46,57.87,3100
EJAN,08-Jan-2020,27,27.12,26.98,27.0398,20200
EJUL,08-Jan-2020,25.9,26.08,25.9,26.0244,7900
EKAR,08-Jan-2020,22.93,23.035,22.93,23.035,200
ELA,08-Jan-2020,1.46,1.4978,1.46,1.48,30100
ELD,08-Jan-2020,35.76,35.95,35.76,35.95,17100
ELLO,08-Jan-2020,20.34,20.58,20.34,20.5,2300
ELMD,08-Jan-2020,9.511,9.5345,9.25,9.25,3700
EMAG,08-Jan-2020,21.6238,21.9307,21.6238,21.82,600
EMAN,08-Jan-2020,0.4199,0.42,0.38,0.3981,331000
EMBH,08-Jan-2020,25.0878,25.0878,25.08,25.08,100
EMDV,08-Jan-2020,60.183,60.56,60.183,60.3779,2600
EMFM,08-Jan-2020,20.3299,20.3299,20.23,20.23,2000
EMGF,08-Jan-2020,45.09,45.6,45.09,45.34,32900
EMHY,08-Jan-2020,47.45,47.59,47.45,47.54,36800
EMLC,08-Jan-2020,33.92,34.0252,33.875,33.97,3347600
EMLP,08-Jan-2020,25.57,25.6314,25.4899,25.53,430800
EMMF,08-Jan-2020,22.56,22.7146,22.56,22.6531,600
EMNT,08-Jan-2020,100.1715,100.1715,100.1689,100.1689,400
EMQQ,08-Jan-2020,36.61,37.13,36.61,36.95,172200
EMSG,08-Jan-2020,27.48,27.48,27.48,27.48,300
EMSH,08-Jan-2020,74.975,74.975,74.975,74.975,100
EMTL,08-Jan-2020,51.39,51.4655,51.3801,51.4343,4100
EMTY,08-Jan-2020,33.94,34.1272,33.9208,34.1272,1000
EMX,08-Jan-2020,1.65,1.69,1.6228,1.64,125900
ENFR,08-Jan-2020,21.055,21.055,20.88,20.906,36700
ENOR,08-Jan-2020,25.12,25.19,25.12,25.1402,800
ENSV,08-Jan-2020,0.2468,0.28,0.21,0.2325,1877200
ENTR,08-Jan-2020,18.9959,19.25,18.9959,19.1612,3200
ENX,08-Jan-2020,12.34,12.34,12.15,12.17,21100
EPHE,08-Jan-2020,33.74,34.48,33.74,34.22,698700
EPI,08-Jan-2020,24.61,24.885,24.56,24.74,1635900
EPM,08-Jan-2020,5.44,5.45,5.2,5.29,157500
EPOL,08-Jan-2020,20.76,20.94,20.68,20.89,163500
EPP,08-Jan-2020,46.42,46.77,46.42,46.6,424300
EPRF,08-Jan-2020,24.513,24.5266,24.4934,24.5201,5300
EPS,08-Jan-2020,36.71,36.978,36.641,36.85,68900
EPU,08-Jan-2020,36.82,36.91,36.62,36.7,35300
EPV,08-Jan-2020,26,26.1,25.8,25.9216,5200
EQAL,08-Jan-2020,34.14,34.2432,34.04,34.09,29700
EQL,08-Jan-2020,79.947,80.27,79.8,80.0259,1800
EQWL,08-Jan-2020,61.9104,62.3214,61.85,62.0662,3800
EQX,08-Jan-2020,7.97,7.97,7.6,7.7,294300
ERC,08-Jan-2020,12.97,12.99,12.93,12.935,96100
ERH,08-Jan-2020,14.15,14.27,14.1,14.1,22300
ERM,08-Jan-2020,21.72,21.91,21.72,21.8686,4200
ERSX,08-Jan-2020,17.4983,17.4983,17.4983,17.4983,100
ERUS,08-Jan-2020,43.93,44.44,43.79,44.25,245100
ERX,08-Jan-2020,180.6,180.6,171,171.8,3101800
ERY,08-Jan-2020,38.07,40.02,38.03,39.87,354000
ESBA,08-Jan-2020,13.81,13.87,13.6973,13.8,17200
ESG,08-Jan-2020,77.18,77.59,77.18,77.4224,900
ESGG,08-Jan-2020,108.56,108.56,108.3291,108.3291,100
ESGN,08-Jan-2020,26.2661,26.2661,26.2095,26.2095,100
ESGS,08-Jan-2020,30.5807,30.62,30.5807,30.62,1500
ESGV,08-Jan-2020,56.83,57.31,56.73,57.08,559100
ESML,08-Jan-2020,28.91,28.96,28.8,28.87,34000
ESP,08-Jan-2020,21.3699,21.3699,20.9011,20.9011,2300
ETHO,08-Jan-2020,42.94,43.1399,42.86,43,5700
EUDG,08-Jan-2020,27.83,28.02,27.83,27.9384,1100
EUDV,08-Jan-2020,44.5714,44.5714,44.4767,44.4767,1900
EUFX,08-Jan-2020,46.0284,46.0284,46.0284,46.0284,100
EUM,08-Jan-2020,17.1,17.1,16.88,16.96,208200
EUO,08-Jan-2020,27.23,27.3327,27.23,27.33,54000
EURL,08-Jan-2020,33.32,34.0576,33.32,33.802,20000
EURZ,08-Jan-2020,23.5357,23.5357,23.5357,23.5357,0
EUSA,08-Jan-2020,63.8,64.311,63.8,64.13,14000
EUSC,08-Jan-2020,32.85,33.09,32.85,33.0233,2600
EVBN,08-Jan-2020,39.2816,39.95,39.2816,39.95,3500
EVI,08-Jan-2020,26.63,26.69,25.95,26.69,26700
EVM,08-Jan-2020,11.39,11.3901,11.34,11.3621,44000
EVV,08-Jan-2020,13.27,13.345,13.2558,13.31,336700
EVX,08-Jan-2020,107.85,107.85,106.3653,106.3653,800
EVY,08-Jan-2020,13.49,13.52,13.41,13.41,2500
EWA,08-Jan-2020,22.65,22.815,22.65,22.72,2420300
EWC,08-Jan-2020,30.02,30.115,29.98,29.98,7194300
EWCO,08-Jan-2020,26.42,26.62,26.42,26.5305,2600
EWD,08-Jan-2020,32.95,33.315,32.95,33.15,337100
EWG,08-Jan-2020,29.36,29.6464,29.36,29.57,2823600
EWGS,08-Jan-2020,60.47,60.76,60.47,60.7308,1100
EWH,08-Jan-2020,24.5,24.77,24.5,24.68,12213900
EWI,08-Jan-2020,29.57,29.75,29.54,29.64,501000
EWJ,08-Jan-2020,59.4,59.75,59.35,59.52,7717400
EWK,08-Jan-2020,19.74,19.915,19.735,19.85,41900
EWL,08-Jan-2020,40.62,40.78,40.6,40.73,1857900
EWM,08-Jan-2020,28.36,28.56,28.31,28.48,459800
EWMC,08-Jan-2020,67.1066,67.4,67.03,67.1326,2900
EWN,08-Jan-2020,33.73,33.97,33.71,33.84,623200
EWO,08-Jan-2020,20.68,20.85,20.68,20.78,25400
EWP,08-Jan-2020,28.62,28.8,28.6,28.7,1057200
EWQ,08-Jan-2020,32.46,32.77,32.46,32.65,725800
EWRE,08-Jan-2020,30.92,31.05,30.88,30.9772,67100
EWS,08-Jan-2020,24.22,24.39,24.2,24.35,376400
EWSC,08-Jan-2020,56.5,56.57,56.45,56.5236,600
EWT,08-Jan-2020,40.4,40.78,40.33,40.61,4292200
EWU,08-Jan-2020,33.77,33.965,33.701,33.86,2184900
EWUS,08-Jan-2020,43.49,43.73,43.3611,43.51,127900
EWV,08-Jan-2020,23.63,23.63,23.41,23.58,6700
EWW,08-Jan-2020,46,46.38,45.6217,46.11,2457400
EWX,08-Jan-2020,45.87,46.12,45.66,45.92,88600
EWY,08-Jan-2020,60.9,61.775,60.87,61.38,3505300
EWZ,08-Jan-2020,47.02,47.56,46.76,47.01,20006300
EXI,08-Jan-2020,98.18,98.77,98.1334,98.46,10100
EYLD,08-Jan-2020,32.35,32.55,32.2,32.457,11400
EZA,08-Jan-2020,48.04,48.855,47.78,48.36,626000
EZJ,08-Jan-2020,38.43,38.5499,38.43,38.5499,400
EZM,08-Jan-2020,41.82,42.03,41.785,41.86,54600
EZU,08-Jan-2020,41.75,42.05,41.71,41.9,4608100
FAN,08-Jan-2020,14.35,14.42,14.35,14.3673,21300
FAS,08-Jan-2020,92.94,95.88,92.63,94.72,675000
FAUG,08-Jan-2020,31.01,31.0809,31.01,31.0809,25000
FAUS,08-Jan-2020,32.095,32.095,32.095,32.095,100
FAX,08-Jan-2020,4.3,4.33,4.29,4.32,732500
FAZ,08-Jan-2020,28.22,28.22,27.32,27.68,469900
FBGX,08-Jan-2020,342.5,346.1,341.7,345.2555,2900
FBND,08-Jan-2020,51.85,51.96,51.8,51.835,250700
FBT,08-Jan-2020,148.24,150.5567,148.24,150.07,66600
FCG,08-Jan-2020,12.42,12.46,11.87,11.97,564800
FCO,08-Jan-2020,7.95,8.029,7.95,7.99,30100
FCOM,08-Jan-2020,36.51,36.82,36.47,36.69,59200
FCOR,08-Jan-2020,53.18,53.27,53.07,53.1054,24000
FCPI,08-Jan-2020,26.0768,26.0768,26.0768,26.0768,0
FCTR,08-Jan-2020,22.83,22.9244,22.7361,22.85,27200
FDD,08-Jan-2020,13.99,14.0397,13.9661,13.99,160100
FDEM,08-Jan-2020,25.66,25.9,25.655,25.85,11400
FDEV,08-Jan-2020,26.82,26.8331,26.8112,26.8261,1100
FDHY,08-Jan-2020,53.55,53.55,53.5,53.5,21600
FDIS,08-Jan-2020,48.63,49.05,48.6,48.82,49200
FDL,08-Jan-2020,32.45,32.58,32.4,32.45,230800
FDLO,08-Jan-2020,38.72,39.0316,38.72,38.86,86100
FDM,08-Jan-2020,50.5237,50.5237,50.05,50.06,4800
FDMO,08-Jan-2020,36.93,37.2796,36.93,37.09,20900
FDN,08-Jan-2020,142.2,144.445,142.1101,143.63,314600
FDRR,08-Jan-2020,35.23,35.55,35.22,35.41,69700
FDVV,08-Jan-2020,32.48,32.61,32.4,32.53,136700
FEN,08-Jan-2020,22.75,22.7895,22.43,22.48,79600
FENY,08-Jan-2020,16.21,16.23,15.88,15.91,358600
FEUL,08-Jan-2020,104.6284,104.6284,104.6284,104.6284,100
FEZ,08-Jan-2020,40.55,40.91,40.55,40.77,1844100
FFEU,08-Jan-2020,107.67,108.9054,107.67,108.9054,900
FFHG,08-Jan-2020,28.43,28.53,28.36,28.4001,9600
FFIU,08-Jan-2020,25.6176,25.6176,25.6176,25.6176,100
FFR,08-Jan-2020,48.04,48.28,48.04,48.17,23700
FFSG,08-Jan-2020,28.07,28.41,28.07,28.341,7100
FFTG,08-Jan-2020,27.37,27.37,27.3,27.3211,9500
FFTI,08-Jan-2020,25.04,25.04,24.94,24.95,64100
FFTY,08-Jan-2020,35.17,35.5,35.17,35.33,120700
FGD,08-Jan-2020,24.8,24.9351,24.79,24.85,93100
FHLC,08-Jan-2020,49.62,50.1585,49.61,49.95,176100
FIBR,08-Jan-2020,102.02,102.1292,102,102.1197,4000
FIDI,08-Jan-2020,21.83,21.83,21.65,21.73,13700
FIDU,08-Jan-2020,42.6,42.9,42.58,42.69,39600
FIEE,08-Jan-2020,183.3179,185.2476,183.3179,185.2476,100
FIHD,08-Jan-2020,204.45,206.55,203.3,205.0084,12800
FILL,08-Jan-2020,19.35,19.3671,19.1434,19.24,11500
FISK,08-Jan-2020,13.76,13.76,13.76,13.76,1500
FISR,08-Jan-2020,31.22,31.22,31.1725,31.18,1300
FITE,08-Jan-2020,40.9,41.41,40.6394,40.6419,64600
FIVA,08-Jan-2020,22.9257,23.0948,22.9257,23.0183,3400
FIVG,08-Jan-2020,26.39,26.62,26.3,26.51,250200
FIW,08-Jan-2020,59.38,59.92,59.35,59.65,36300
FIYY,08-Jan-2020,122.81,123.61,121.5606,122.9089,3000
FJNK,08-Jan-2020,25.2985,25.2985,25.2985,25.2985,100
FLAU,08-Jan-2020,26,26.1222,25.9941,26.1222,800
FLAX,08-Jan-2020,22.55,22.76,22.55,22.7385,1800
FLBL,08-Jan-2020,25.12,25.155,25.12,25.155,2100
FLBR,08-Jan-2020,29,29.26,29,29.039,1000
FLCA,08-Jan-2020,26.57,26.57,26.57,26.57,200
FLCB,08-Jan-2020,25.21,25.21,25.135,25.1529,13300
FLCH,08-Jan-2020,25.07,25.38,25.07,25.25,2400
FLCO,08-Jan-2020,25.67,25.705,25.6488,25.68,7400
FLDR,08-Jan-2020,50.75,50.75,50.74,50.74,32900
FLEE,08-Jan-2020,25.22,25.2898,25.22,25.2332,700
FLEH,08-Jan-2020,24.63,24.63,24.596,24.596,60000
FLEU,08-Jan-2020,157.54,157.54,157.3984,157.3984,400
FLFR,08-Jan-2020,26.825,26.825,26.8142,26.8142,200
FLGB,08-Jan-2020,25.19,25.28,25.1401,25.27,2000
FLGE,08-Jan-2020,340.37,346.8,339.92,344.6258,8500
FLGR,08-Jan-2020,22.935,22.935,22.935,22.935,300
FLHK,08-Jan-2020,25.705,25.705,25.59,25.59,600
FLHY,08-Jan-2020,26.23,26.2601,26.23,26.2353,3500
FLIA,08-Jan-2020,25.2136,25.2136,25.21,25.21,400
FLIN,08-Jan-2020,22.74,23.02,22.74,22.97,14300
FLIY,08-Jan-2020,24.88,24.9546,24.88,24.9546,300
FLJH,08-Jan-2020,25.7579,25.7579,25.7579,25.7579,100
FLJP,08-Jan-2020,26.22,26.36,26.22,26.285,7200
FLKR,08-Jan-2020,21.16,21.36,21.03,21.1718,101000
FLLA,08-Jan-2020,28.6029,28.6029,28.4858,28.4858,100
FLLV,08-Jan-2020,38.315,38.57,38.315,38.4014,59800
FLM,08-Jan-2020,50.54,50.78,50.5,50.67,2900
FLMB,08-Jan-2020,26.3324,26.3324,26.2919,26.2919,300
FLMI,08-Jan-2020,25.5,25.559,25.5,25.52,5000
FLMX,08-Jan-2020,23.1554,23.2691,23.1554,23.2691,600
FLOT,08-Jan-2020,50.97,50.98,50.96,50.96,944700
FLQD,08-Jan-2020,30.7354,30.9098,30.7354,30.793,1500
FLQE,08-Jan-2020,29.65,29.86,29.607,29.6945,20800
FLQG,08-Jan-2020,33.76,33.76,33.6724,33.6724,60300
FLQH,08-Jan-2020,27.45,27.45,27.38,27.38,1100
FLQL,08-Jan-2020,35,35.17,34.8718,35.05,40300
FLQM,08-Jan-2020,33.3401,33.3401,33.23,33.23,300
FLQS,08-Jan-2020,29.2613,29.2613,29.1718,29.1718,800
FLRN,08-Jan-2020,30.76,30.76,30.74,30.76,332600
FLRT,08-Jan-2020,49.335,49.335,49.335,49.335,100
FLRU,08-Jan-2020,30.24,30.5803,30.24,30.5079,1500
FLSA,08-Jan-2020,25.3881,25.3881,25.3881,25.3881,100
FLSP,08-Jan-2020,24.9456,24.9456,24.9456,24.9456,0
FLSW,08-Jan-2020,27.73,27.85,27.73,27.8177,500
FLTB,08-Jan-2020,51,51.0239,50.95,50.985,13500
FLTR,08-Jan-2020,25.34,25.35,25.32,25.34,86500
FLTW,08-Jan-2020,28.46,28.7599,28.46,28.6831,1100
FLZA,08-Jan-2020,25.345,25.345,25.345,25.345,100
FM,08-Jan-2020,30.23,30.41,30.23,30.27,134200
FMAT,08-Jan-2020,33.28,33.45,33.16,33.33,29600
FMF,08-Jan-2020,43.224,43.224,43.224,43.224,100
FNCL,08-Jan-2020,44.01,44.5,44.01,44.26,131800
FNDA,08-Jan-2020,39.98,40.1675,39.9395,39.98,197400
FNDB,08-Jan-2020,42.12,42.34,42.065,42.2,11200
FNDC,08-Jan-2020,32.93,33.13,32.93,33,158700
FNDE,08-Jan-2020,29.69,30.0299,29.69,29.9,676800
FNDF,08-Jan-2020,28.82,29,28.818,28.94,394300
FNDX,08-Jan-2020,42.57,42.9,42.5593,42.71,348700
FNGD,08-Jan-2020,97.5,97.6,91.301,93.2,288000
FNGO,08-Jan-2020,59.68,61.69,59.68,60.9759,5000
FNGS,08-Jan-2020,57.14,58.18,57.14,57.8601,4700
FNGU,08-Jan-2020,67.31,71.21,67.11,69.9,242700
FNGZ,08-Jan-2020,27.14,27.14,26.22,26.5529,1200
FNI,08-Jan-2020,40.63,41.142,40.63,40.9785,47700
FNOV,08-Jan-2020,31.54,31.58,31.436,31.5021,12200
FOVL,08-Jan-2020,50.38,50.5418,50.38,50.5418,600
FPE,08-Jan-2020,20.17,20.18,20.16,20.18,1714800
FPEI,08-Jan-2020,20.2,20.2,20.14,20.16,118300
FPX,08-Jan-2020,81.27,81.96,81.27,81.64,43200
FQAL,08-Jan-2020,37.8,38.126,37.8,37.9795,12600
FRAK,08-Jan-2020,116.7,116.7,112.4,113.346,24200
FRD,08-Jan-2020,6.02,6.02,5.9,5.97,10700
FRDM,08-Jan-2020,27.7754,27.86,27.7575,27.7575,1100
FREL,08-Jan-2020,27.4,27.55,27.36,27.49,336900
FRI,08-Jan-2020,25.77,25.87,25.68,25.8195,54000
FRLG,08-Jan-2020,147.13,150.63,147.13,149.3385,16500
FSI,08-Jan-2020,2.5,2.59,2.5,2.57,98600
FSMB,08-Jan-2020,20.55,20.55,20.47,20.47,57200
FSMD,08-Jan-2020,26.88,27,26.88,26.9252,1000
FSP,08-Jan-2020,7.96,8.01,7.835,7.92,322800
FSTA,08-Jan-2020,37.17,37.411,37.126,37.29,58400
FTEC,08-Jan-2020,73.24,74.3079,73.1929,73.99,386200
FTF,08-Jan-2020,9.56,9.65,9.56,9.65,62300
FTLS,08-Jan-2020,42.89,43.03,42.86,42.92,119800
FTSD,08-Jan-2020,94.61,94.61,94.45,94.4919,5500
FUD,08-Jan-2020,16.4,16.4899,16.35,16.35,800
FUE,08-Jan-2020,5.825,5.825,5.825,5.825,100
FUMB,08-Jan-2020,20.13,20.13,20.1,20.1,50900
FUT,08-Jan-2020,39.2111,39.2111,39.2111,39.2111,400
FUTY,08-Jan-2020,41.75,41.89,41.664,41.71,183900
FVAL,08-Jan-2020,37.87,38.21,37.87,38.0172,21300
FVD,08-Jan-2020,35.75,35.94,35.74,35.81,1882400
FVL,08-Jan-2020,22.73,22.8171,22.73,22.7633,3600
FWDB,08-Jan-2020,26.21,26.21,26.21,26.21,100
FXA,08-Jan-2020,68.59,68.7595,68.46,68.66,66800
FXB,08-Jan-2020,127.2932,127.3,126.8826,127,47600
FXC,08-Jan-2020,75.81,75.82,75.65,75.71,21200
FXD,08-Jan-2020,45.26,45.57,45.1701,45.3731,107200
FXE,08-Jan-2020,105.44,105.46,105.27,105.29,50100
FXF,08-Jan-2020,94.95,95.05,94.63,94.69,4900
FXG,08-Jan-2020,49.23,49.505,49.1703,49.31,54400
FXH,08-Jan-2020,84.44,85.39,84.405,85.06,69300
FXI,08-Jan-2020,43.7,44.21,43.64,43.98,27643100
FXL,08-Jan-2020,73.81,74.4566,73.71,74.14,133900
FXN,08-Jan-2020,10.78,10.78,10.4252,10.47,529700
FXO,08-Jan-2020,33.17,33.42,33.17,33.3,223600
FXP,08-Jan-2020,53.68,53.68,52.42,52.96,20800
FXR,08-Jan-2020,45.5349,45.66,45.321,45.47,127700
FXU,08-Jan-2020,28.9,29.029,28.8401,28.92,183500
FXY,08-Jan-2020,87.4,87.46,86.99,87.1,258100
FXZ,08-Jan-2020,39.1799,39.26,38.91,39.1105,67600
FYLD,08-Jan-2020,24.32,24.35,24.28,24.28,3000
GAA,08-Jan-2020,27.79,27.79,27.6921,27.717,9000
GAL,08-Jan-2020,40.1,40.2401,40.07,40.1917,8000
GAMR,08-Jan-2020,45.12,45.49,45.0538,45.3728,7000
GAZ,08-Jan-2020,25.19,25.2259,24.98,25.2259,200
GBDV,08-Jan-2020,19.92,19.95,19.8995,19.8995,1200
GBF,08-Jan-2020,118.245,118.27,117.7861,117.98,24300
GBIL,08-Jan-2020,100.18,100.19,100.18,100.19,346000
GBR,08-Jan-2020,1.3,1.35,1.26,1.325,36800
GBUG,08-Jan-2020,25.9636,25.9636,25.9636,25.9636,100
GBUY,08-Jan-2020,59.43,59.8043,59.43,59.8043,600
GCC,08-Jan-2020,18.74,18.74,18.6,18.67,50600
GCOW,08-Jan-2020,31.46,31.61,31.4101,31.53,32800
GDAT,08-Jan-2020,59.3,59.3927,59.1973,59.1973,900
GDMA,08-Jan-2020,26.0217,26.0432,26.02,26.0432,1800
GDNA,08-Jan-2020,56.08,56.44,56.08,56.44,700
GDP,08-Jan-2020,9.43,9.43,9.1,9.1,4100
GDVD,08-Jan-2020,30,30.33,29.772,30.0677,2300
GDX,08-Jan-2020,29.37,29.43,28.12,28.35,94347600
GDXJ,08-Jan-2020,42.41,42.5,40.551,40.84,28491900
GEM,08-Jan-2020,34.26,34.6379,34.26,34.5,46300
GFIN,08-Jan-2020,59.67,60.1555,59.67,60.1555,4400
GGN,08-Jan-2020,4.49,4.49,4.29,4.42,1361700
GGN-B,08-Jan-2020,25.1313,25.1313,25.1313,25.1313,1300
GGO,08-Jan-2020,15.335,15.335,15.335,15.335,0
GGO-A,08-Jan-2020,41,41,41,41,0
GHYB,08-Jan-2020,49.8507,49.9315,49.8507,49.8745,5100
GHYG,08-Jan-2020,49.9,49.91,49.84,49.875,6800
GIGB,08-Jan-2020,52.66,52.675,52.44,52.54,61000
GII,08-Jan-2020,54.7099,54.9099,54.6529,54.7793,7900
GLD,08-Jan-2020,148.49,148.61,146.14,146.86,22276300
GLDM,08-Jan-2020,15.73,15.7389,15.485,15.56,3218700
GLIF,08-Jan-2020,26.3989,26.3989,26.3989,26.3989,0
GLL,08-Jan-2020,49.31,50.86,49.28,50.37,118300
GLO,08-Jan-2020,9.58,9.65,9.56,9.6,150000
GLQ,08-Jan-2020,12.15,12.3,12.15,12.28,75400
GLTR,08-Jan-2020,79.67,79.67,78.4489,78.77,26900
GLU,08-Jan-2020,18.76,19.033,18.75,18.98,16600
GLU-A,08-Jan-2020,44.43,44.43,44.43,44.43,0
GLU-B,08-Jan-2020,51.9,51.9,51.9,51.9,1400
GLV,08-Jan-2020,10.92,11.02,10.91,10.96,32300
GMAN,08-Jan-2020,57.14,57.72,57.14,57.49,600
GMF,08-Jan-2020,103.43,104.6558,103.43,104.24,23900
GMOM,08-Jan-2020,25.79,25.81,25.742,25.7966,22100
GNAF,08-Jan-2020,38.3,38.4231,38.2,38.4231,1400
GNR,08-Jan-2020,46.17,46.17,45.69,45.73,78700
GOAT,08-Jan-2020,31.0538,31.24,31.0538,31.165,2900
GOAU,08-Jan-2020,17.66,17.7,16.8,16.82,158200
GOEX,08-Jan-2020,26.71,26.71,25.48,25.5462,15600
GORO,08-Jan-2020,5.52,5.52,5.17,5.19,921500
GOVT,08-Jan-2020,26.07,26.088,25.97,26,6174900
GPL,08-Jan-2020,0.55,0.56,0.5097,0.5097,1596800
GQRE,08-Jan-2020,63.95,64.14,63.845,64.0584,12300
GREK,08-Jan-2020,29.94,30.06,29.76,29.91,627800
GRES,08-Jan-2020,27,27.045,26.9621,26.97,24000
GRF,08-Jan-2020,7.66,7.8134,7.66,7.7,19200
GRN,08-Jan-2020,47.88,47.88,47.88,47.88,0
GRNB,08-Jan-2020,26.64,26.64,26.56,26.56,5300
GRU,08-Jan-2020,3.08,3.12,3.08,3.12,100
GSAT,08-Jan-2020,0.55,0.57,0.5424,0.5512,1436200
GSEU,08-Jan-2020,31.44,31.5979,31.44,31.5567,1300
GSEW,08-Jan-2020,50.87,51.1352,50.7913,50.9502,18500
GSG,08-Jan-2020,16.44,16.4495,15.98,16.15,834900
GSIE,08-Jan-2020,30.12,30.32,30.12,30.25,196000
GSJY,08-Jan-2020,33.31,33.4856,33.31,33.3887,2800
GSLC,08-Jan-2020,64.82,65.4119,64.82,65.13,264300
GSP,08-Jan-2020,15.79,15.79,15.2733,15.4442,25100
GSS,08-Jan-2020,3.47,3.5,3.31,3.36,391700
GSSC,08-Jan-2020,46.92,47.29,46.92,47.15,14600
GSST,08-Jan-2020,50.52,50.55,50.52,50.54,21600
GSV,08-Jan-2020,0.83,0.83,0.7567,0.7567,762900
GSY,08-Jan-2020,50.4,50.41,50.3994,50.4,556000
GTE,08-Jan-2020,1.38,1.38,1.27,1.3,2042900
GTIP,08-Jan-2020,52.6,52.6,52.4709,52.5225,1400
GTO,08-Jan-2020,54.45,54.5,54.3,54.33,69200
GUDB,08-Jan-2020,50.88,50.88,50.715,50.715,1000
GUNR,08-Jan-2020,33.49,33.49,33.26,33.32,580800
GURU,08-Jan-2020,36,36.29,36,36.1231,6000
GUSH,08-Jan-2020,1585.6,1596,1382.8,1416.8,1964900
GV,08-Jan-2020,3.44,3.45,3.37,3.41,32100
GVAL,08-Jan-2020,23.85,24,23.78,23.95,16600
GVI,08-Jan-2020,113.13,113.13,112.8701,112.95,46700
GVIP,08-Jan-2020,64.3338,64.6,64.07,64.465,10000
GWX,08-Jan-2020,31.5,31.64,31.42,31.51,51100
GXC,08-Jan-2020,103.97,105.25,103.81,104.58,71400
GXF,08-Jan-2020,21.75,21.9028,21.75,21.9028,100
GXG,08-Jan-2020,9.94,10.03,9.9,10.02,228000
GYLD,08-Jan-2020,16.25,16.25,16.1272,16.2,17600
HACK,08-Jan-2020,42.92,43.44,42.84,43.22,396100
HAIL,08-Jan-2020,30.6457,30.6457,30.6457,30.6457,100
HAP,08-Jan-2020,37.17,37.17,36.97,36.97,6100
HAUZ,08-Jan-2020,29.47,29.49,29.32,29.32,45400
HAWX,08-Jan-2020,28.35,28.5,28.34,28.3495,7900
HDAW,08-Jan-2020,26.1791,26.1952,26.145,26.1614,1800
HDEF,08-Jan-2020,24.65,24.68,24.52,24.6141,193600
HDG,08-Jan-2020,46.768,46.8279,46.768,46.7802,2700
HDGE,08-Jan-2020,5.33,5.37,5.31,5.34,679600
HDLB,08-Jan-2020,26.25,26.2548,26.24,26.2548,800
HDMV,08-Jan-2020,33.99,34.2599,33.99,34.1238,54400
HDV,08-Jan-2020,97.34,97.62,97.125,97.21,326000
HEDJ,08-Jan-2020,70.67,71.42,70.67,71.15,402200
HEEM,08-Jan-2020,26.5623,26.7399,26.5499,26.62,5100
HEFA,08-Jan-2020,30.65,30.91,30.6401,30.81,296300
HEWC,08-Jan-2020,27.17,27.2565,27.1653,27.1653,2300
HEWJ,08-Jan-2020,33.05,33.41,33.05,33.28,443200
HEWU,08-Jan-2020,24.4288,24.4288,24.4288,24.4288,100
HEWW,08-Jan-2020,16.265,16.38,16.265,16.3417,1000
HEZU,08-Jan-2020,31.91,32.18,31.91,32.08,1034200
HFXI,08-Jan-2020,21.74,21.96,21.74,21.91,870300
HIBL,08-Jan-2020,316.5,322.5,311.4,318.008,14600
HIBS,08-Jan-2020,19.05,19.52,18.854,19.095,5600
HIPS,08-Jan-2020,17.0601,17.1505,17.0601,17.0947,4300
HJPX,08-Jan-2020,30.2326,30.2326,30.2326,30.2326,100
HLM.P,08-Jan-2020,34.34,34.95,34.27,34.766,6500
HMG,08-Jan-2020,12.83,12.83,12.83,12.83,100
HMOP,08-Jan-2020,42.03,42.06,42.01,42.06,9600
HNW,08-Jan-2020,14.95,15.04,14.8838,15.04,5500
HOLD,08-Jan-2020,99.83,99.83,99.83,99.83,100
HOMZ,08-Jan-2020,28.88,29.0652,28.88,28.97,10000
HSCZ,08-Jan-2020,30.71,30.9319,30.71,30.8507,14900
HSRT,08-Jan-2020,40.9717,40.9717,40.9381,40.97,12800
HTAB,08-Jan-2020,21.06,21.06,21.06,21.06,100
HTEC,08-Jan-2020,26.62,26.899,26.62,26.7916,4200
HTRB,08-Jan-2020,40.3979,40.3979,40.2802,40.305,2600
HTUS,08-Jan-2020,26.82,27,26.82,26.96,7800
HUSA,08-Jan-2020,2.9375,3.0625,2.3113,2.455,25808300
HUSV,08-Jan-2020,27.64,27.85,27.64,27.72,19900
HYD,08-Jan-2020,64.58,64.59,64.48,64.51,373200
HYDB,08-Jan-2020,50.8353,50.9192,50.82,50.82,1500
HYDW,08-Jan-2020,50.5818,50.5818,50.5616,50.5616,100
HYEM,08-Jan-2020,23.96,24.03,23.83,24,226200
HYG,08-Jan-2020,88.07,88.23,88.02,88.13,16088100
HYGH,08-Jan-2020,89.5063,89.7245,89.41,89.55,5900
HYGV,08-Jan-2020,48.85,48.85,48.7801,48.7874,9400
HYHG,08-Jan-2020,65.3597,65.55,65.3329,65.4453,4300
HYLB,08-Jan-2020,50.43,50.54,50.42,50.47,350500
HYLD,08-Jan-2020,33.72,33.8999,33.7,33.8232,33300
HYLV,08-Jan-2020,25.5,25.55,25.5,25.535,18000
HYMB,08-Jan-2020,59.36,59.4579,59.33,59.35,189300
HYS,08-Jan-2020,99.9,100.0499,99.86,99.9,831800
HYUP,08-Jan-2020,49.11,49.1264,49.0611,49.0611,1600
HYXU,08-Jan-2020,51.38,51.45,51.37,51.3888,800
IAF,08-Jan-2020,5.37,5.4,5.35,5.39,82800
IAGG,08-Jan-2020,55.005,55.0312,54.89,54.91,200500
IAI,08-Jan-2020,69.42,69.84,69.337,69.6146,39300
IAK,08-Jan-2020,70.89,72,70.89,71.3825,4300
IAT,08-Jan-2020,49.81,50.28,49.81,50.06,98000
IAU,08-Jan-2020,15.08,15.09,14.83,14.91,35711500
IAUF,08-Jan-2020,54.12,54.12,53.3501,53.5573,5100
IBCE,08-Jan-2020,24.58,24.5881,24.554,24.565,11500
IBD,08-Jan-2020,25.75,25.83,25.72,25.7715,28800
IBDD,08-Jan-2020,26.88,26.89,26.8428,26.865,15200
IBDL,08-Jan-2020,25.3,25.3,25.28,25.3,224300
IBDM,08-Jan-2020,24.95,24.97,24.95,24.96,389600
IBDN,08-Jan-2020,25.31,25.33,25.29,25.3,289800
IBDO,08-Jan-2020,25.61,25.62,25.5601,25.58,179000
IBDP,08-Jan-2020,25.75,25.76,25.705,25.73,204300
IBDQ,08-Jan-2020,25.99,26.01,25.95,25.97,150300
IBDR,08-Jan-2020,25.59,25.59,25.51,25.54,74700
IBDS,08-Jan-2020,25.95,26.04,25.95,25.98,42900
IBDT,08-Jan-2020,27.78,27.89,27.78,27.79,38500
IBDU,08-Jan-2020,25.6198,25.67,25.6,25.605,14000
IBHA,08-Jan-2020,25.02,25.04,25.0167,25.0167,3700
IBHB,08-Jan-2020,24.82,24.82,24.795,24.795,1500
IBHC,08-Jan-2020,25.039,25.0848,25.039,25.0504,2400
IBHD,08-Jan-2020,25.43,25.43,25.425,25.425,100
IBHE,08-Jan-2020,25.49,25.49,25.49,25.49,100
IBIO,08-Jan-2020,0.25,0.285,0.232,0.2785,5743700
IBMJ,08-Jan-2020,25.83,25.83,25.8,25.83,51900
IBMK,08-Jan-2020,26.23,26.25,26.21,26.25,67800
IBML,08-Jan-2020,25.91,25.91,25.87,25.895,71900
IBMM,08-Jan-2020,26.57,26.57,26.5349,26.5437,26400
IBMN,08-Jan-2020,27.35,27.36,27.3101,27.3281,13100
IBMO,08-Jan-2020,26.17,26.17,26.1297,26.1297,5500
IBMP,08-Jan-2020,26.25,26.26,26.2173,26.2173,4500
IBMQ,08-Jan-2020,26.4,26.4,26.3718,26.3718,11400
IBND,08-Jan-2020,33.7521,33.9581,33.6268,33.85,8000
ICF,08-Jan-2020,115.35,116.05,115,115.79,125900
ICOL,08-Jan-2020,14.03,14.03,14.0108,14.0108,600
ICOW,08-Jan-2020,27.56,27.56,27.4,27.5069,6600
ICSH,08-Jan-2020,50.37,50.37,50.36,50.365,525900
ICVT,08-Jan-2020,63.79,64.0899,63.65,63.94,200000
IDEV,08-Jan-2020,58.04,58.4,58.04,58.26,64600
IDHD,08-Jan-2020,28.3197,28.38,28.2,28.2769,5400
IDHQ,08-Jan-2020,26.07,26.089,25.9,26.0006,19300
IDIV,08-Jan-2020,11.965,11.965,11.965,11.965,100
IDLV,08-Jan-2020,34.04,34.159,33.98,34.1,156800
IDMO,08-Jan-2020,27.9328,27.9328,27.9328,27.9328,200
IDNA,08-Jan-2020,29.64,29.98,29.62,29.8807,7200
IDOG,08-Jan-2020,27.3953,27.47,27.3538,27.4,17800
IDRV,08-Jan-2020,27.76,27.81,27.735,27.7407,5600
IDU,08-Jan-2020,160.28,160.6896,159.89,160.15,72800
IDV,08-Jan-2020,33.5,33.7,33.5,33.6,1641600
IDX,08-Jan-2020,22.48,22.7195,22.48,22.6129,9200
IDY,08-Jan-2020,26.2862,26.2862,26.2862,26.2862,0
IECS,08-Jan-2020,28.21,28.45,28.21,28.3948,1400
IEDI,08-Jan-2020,31.4261,31.59,31.37,31.4641,76400
IEFA,08-Jan-2020,65.06,65.51,65.03,65.34,8249600
IEFN,08-Jan-2020,26.44,26.44,26.44,26.44,200
IEHS,08-Jan-2020,32.1,32.42,32.1,32.3028,11700
IEIH,08-Jan-2020,28.0052,28.0052,28.0052,28.0052,200
IEME,08-Jan-2020,27.88,27.93,27.8,27.861,5700
IEMG,08-Jan-2020,53.57,54.24,53.53,53.92,19268100
IEO,08-Jan-2020,56.74,56.97,55.14,55.36,189500
IETC,08-Jan-2020,33.31,33.68,33.2599,33.512,23800
IEUR,08-Jan-2020,49.46,49.79,49.43,49.65,725500
IEV,08-Jan-2020,46.65,46.975,46.63,46.81,588100
IEZ,08-Jan-2020,20.45,20.45,19.77,19.87,79300
IFRA,08-Jan-2020,28.32,28.32,28.1331,28.1331,1100
IG,08-Jan-2020,26.02,26.02,25.9514,25.9514,400
IGBH,08-Jan-2020,24.85,25.01,24.85,24.965,4700
IGC,08-Jan-2020,0.6077,0.6697,0.6,0.64,764300
IGE,08-Jan-2020,30.18,30.22,29.73,29.76,232500
IGEB,08-Jan-2020,51.88,51.9099,51.73,51.7636,8400
IGHG,08-Jan-2020,76.42,76.86,76.38,76.76,15100
IGLB,08-Jan-2020,66.75,67.0099,66.45,66.57,259200
IGM,08-Jan-2020,246.5,249.68,246.5,248.53,40400
IGN,08-Jan-2020,55.52,55.82,55.3,55.59,5500
IGRO,08-Jan-2020,60.07,60.61,59.98,60.1346,10200
IGV,08-Jan-2020,239.85,243.63,239.85,242.32,604500
IHAK,08-Jan-2020,27.6,27.92,27.6,27.8031,9900
IHDG,08-Jan-2020,36.39,36.7,36.39,36.54,112800
IHE,08-Jan-2020,158.31,159.1306,157.95,158.322,7800
IHF,08-Jan-2020,199.77,203.09,199.76,202.61,109800
IHI,08-Jan-2020,265.83,267.88,265.66,266.5,1037500
IHT,08-Jan-2020,1.54,1.6222,1.5398,1.6222,1100
IHY,08-Jan-2020,25.06,25.11,25.05,25.11,8300
IIGD,08-Jan-2020,26.2621,26.32,26.2601,26.295,3800
IIGV,08-Jan-2020,27.15,27.2,27.0921,27.125,1700
IJAN,08-Jan-2020,24.65,24.65,24.455,24.5932,19400
IJH,08-Jan-2020,204.59,205.6,204.14,204.82,978800
IJJ,08-Jan-2020,84.435,84.83,84.22,84.565,77400
IJK,08-Jan-2020,59.43,59.76,59.3858,59.5225,69800
IJR,08-Jan-2020,83.3,83.856,83.15,83.48,3024100
IJS,08-Jan-2020,79.635,80.06,79.415,79.605,232700
IJUL,08-Jan-2020,23.68,23.7777,23.68,23.7284,3200
ILF,08-Jan-2020,33.97,34.31,33.88,34.01,608800
ILTB,08-Jan-2020,68.73,68.87,68.27,68.3904,30300
IMH,08-Jan-2020,5.28,5.43,5.28,5.34,4100
IMLP,08-Jan-2020,15.3113,15.36,15.3113,15.36,400
IMO,08-Jan-2020,26.53,26.99,26.43,26.6,312900
IMOM,08-Jan-2020,27.4,27.5,27.4,27.48,41200
IMTB,08-Jan-2020,50.72,50.84,50.71,50.84,23000
IMTM,08-Jan-2020,31.17,31.35,31.16,31.29,38200
INCO,08-Jan-2020,41.36,41.7899,41.1901,41.7031,2700
INDA,08-Jan-2020,34.7,35.11,34.65,34.98,6043000
INDL,08-Jan-2020,66.03,67.99,65.7965,67.24,130300
INDO,08-Jan-2020,8.07,8.2956,7.1,7.1,37900
INDS,08-Jan-2020,33.09,33.25,32.991,33.191,91900
INFU,08-Jan-2020,8.54,8.6,8.51,8.57,13000
INKM,08-Jan-2020,34.2838,34.3151,34.25,34.28,23500
INS,08-Jan-2020,41,41.065,40.01,40.11,42800
INTF,08-Jan-2020,27.01,27.16,26.97,27.08,94300
INTT,08-Jan-2020,5.76,5.9,5.76,5.8,7000
INUV,08-Jan-2020,0.3305,0.3305,0.31,0.31,483100
IOO,08-Jan-2020,54.18,54.6,54.16,54.38,55700
IOR,08-Jan-2020,13.03,13.08,12.4899,12.75,3900
IPAC,08-Jan-2020,58.58,58.91,58.51,58.68,48700
IPAY,08-Jan-2020,49.82,50.6188,49.76,50.45,192800
IPB,08-Jan-2020,28.2867,28.2867,28.2867,28.2867,100
IPFF,08-Jan-2020,15.59,15.62,15.38,15.55,16400
IPO,08-Jan-2020,32.02,32.5,32.02,32.34,16900
IPOS,08-Jan-2020,24.54,24.54,24.54,24.54,200
IQDE,08-Jan-2020,22.81,22.8999,22.8,22.86,36800
IQDF,08-Jan-2020,24.19,24.36,24.19,24.27,95400
IQDG,08-Jan-2020,31.946,32.065,31.92,31.9784,9800
IQDY,08-Jan-2020,26.46,26.552,26.46,26.552,200
IQIN,08-Jan-2020,28.56,28.56,28.521,28.521,500
IQLT,08-Jan-2020,32.18,32.37,32.18,32.32,112800
IQSI,08-Jan-2020,25.2787,25.2787,25.2787,25.2787,100
IQSU,08-Jan-2020,25.7435,25.7435,25.7435,25.7435,0
IRBO,08-Jan-2020,27.55,27.84,27.377,27.68,22400
ISCF,08-Jan-2020,31.61,31.6606,31.5273,31.58,20300
ISDR,08-Jan-2020,11.79,11.81,11.55,11.81,3600
ISMD,08-Jan-2020,28.16,28.3,28.15,28.1878,6200
ISR,08-Jan-2020,0.62,0.85,0.61,0.82,3395700
ISRA,08-Jan-2020,35.13,35.4,35.13,35.34,5000
ISZE,08-Jan-2020,28.0857,28.0857,28.0857,28.0857,33900
ITA,08-Jan-2020,231.87,231.87,229.6023,229.79,284600
ITB,08-Jan-2020,45.17,45.79,45.06,45.15,4170700
ITEQ,08-Jan-2020,44.26,44.71,44.19,44.54,21000
ITM,08-Jan-2020,50.65,50.67,50.6121,50.65,447200
ITOT,08-Jan-2020,72.89,73.51,72.88,73.17,1046200
ITP,08-Jan-2020,0.9498,0.959,0.87,0.9123,24900
IVAL,08-Jan-2020,29.48,29.6,29.43,29.52,55900
IVE,08-Jan-2020,129.38,130.3,129.24,129.72,1044600
IVLU,08-Jan-2020,24.45,24.58,24.43,24.52,64100
IVOG,08-Jan-2020,146.74,147.57,146.74,147.02,10000
IVOL,08-Jan-2020,25.38,25.4,25.29,25.4,9500
IVOO,08-Jan-2020,138.15,138.7789,137.92,138.326,28600
IVOV,08-Jan-2020,128.84,129.24,128.5,128.87,9400
IVV,08-Jan-2020,324.38,327.21,324.11,325.85,3913300
IVW,08-Jan-2020,48.9275,49.4275,48.855,49.2325,464700
IWB,08-Jan-2020,179.07,180.64,178.97,179.9,1046100
IWC,08-Jan-2020,98.66,99.24,98.62,98.79,51700
IWD,08-Jan-2020,135.92,136.68,135.76,136.11,1803500
IWF,08-Jan-2020,178,179.99,177.74,179.29,1624800
IWL,08-Jan-2020,75.61,76.12,75.5056,75.8738,24900
IWM,08-Jan-2020,164.82,166.025,164.72,165.31,13836900
IWN,08-Jan-2020,127.53,128.16,127.24,127.52,1265900
IWO,08-Jan-2020,213.78,216.05,213.78,215.15,675000
IWP,08-Jan-2020,154.24,155.5445,153.95,154.86,206200
IWR,08-Jan-2020,59.65,59.98,59.56,59.75,1056600
IWS,08-Jan-2020,94.17,94.48,93.89,94.12,386400
IWV,08-Jan-2020,189.08,190.6539,189.01,189.9,174600
IWX,08-Jan-2020,58.4,58.69,58.4,58.5007,13100
IWY,08-Jan-2020,97.54,98.8,97.54,98.35,55600
IXC,08-Jan-2020,31.33,31.3999,30.94,31,687900
IXG,08-Jan-2020,68.44,69.07,68.44,68.7,18400
IXJ,08-Jan-2020,68.62,69.22,68.58,69.03,76400
IXN,08-Jan-2020,212.34,215.2319,212.17,214.49,73400
IXP,08-Jan-2020,62.36,62.9,62.36,62.66,9600
IXSE,08-Jan-2020,25.41,25.44,25.381,25.381,2400
IYC,08-Jan-2020,229.1,231.09,229.1,230.07,25000
IYE,08-Jan-2020,32.44,32.46,31.84,31.91,808400
IYF,08-Jan-2020,136.76,138.18,136.76,137.58,118300
IYG,08-Jan-2020,150.84,152.72,150.83,152.08,148100
IYH,08-Jan-2020,215.27,217.5903,215.27,216.59,41200
IYJ,08-Jan-2020,169.19,170.25,169.13,169.59,34600
IYK,08-Jan-2020,132.595,133.4557,132.38,132.87,7900
IYLD,08-Jan-2020,25.61,25.62,25.58,25.588,66500
IYM,08-Jan-2020,94.98,95.2885,94.46,94.95,44100
IYR,08-Jan-2020,91.91,92.33,91.62,92.07,6224500
IYT,08-Jan-2020,195.72,198.23,195.29,196.9,283800
IYW,08-Jan-2020,236.78,239.9262,236.59,238.95,119000
IYY,08-Jan-2020,160,161.48,160,160.8688,59100
IYZ,08-Jan-2020,29.77,29.9218,29.7,29.82,147100
IZRL,08-Jan-2020,22.65,22.995,22.65,22.995,1800
JAGG,08-Jan-2020,26.7,26.71,26.5975,26.61,55600
JCPB,08-Jan-2020,52.89,52.89,52.7401,52.7712,1500
JDIV,08-Jan-2020,27.69,27.83,27.69,27.742,1800
JDST,08-Jan-2020,241.5,272.75,240.5,267.75,13063600
JETS,08-Jan-2020,30.89,31.4438,30.89,31.2745,25300
JHCS,08-Jan-2020,28.8489,28.8489,28.7907,28.7907,200
JHEM,08-Jan-2020,26.53,26.78,26.5,26.64,11800
JHMA,08-Jan-2020,33.911,34.03,33.91,34.0074,1100
JHMC,08-Jan-2020,35.91,36.087,35.86,35.9418,3300
JHMD,08-Jan-2020,29.7059,29.7896,29.6501,29.7,6100
JHME,08-Jan-2020,24.04,24.08,23.6,23.6753,4600
JHMF,08-Jan-2020,41,41.3893,41,41.1605,2400
JHMH,08-Jan-2020,37.3268,37.6,37.322,37.5156,13200
JHMI,08-Jan-2020,40.0417,40.089,40.0417,40.089,200
JHML,08-Jan-2020,41.31,41.65,41.2972,41.466,101100
JHMM,08-Jan-2020,39.15,39.3498,39.07,39.21,119800
JHMS,08-Jan-2020,29.67,29.77,29.6342,29.7164,2600
JHMT,08-Jan-2020,56.09,56.6411,56.09,56.4154,1500
JHMU,08-Jan-2020,33.49,33.6375,33.4797,33.5019,14400
JHSC,08-Jan-2020,27.73,27.87,27.6995,27.79,11400
JIGB,08-Jan-2020,54.86,54.86,54.74,54.74,100
JJA,08-Jan-2020,44.83,44.83,44.83,44.83,100
JJC,08-Jan-2020,43.3873,43.442,43.2541,43.4224,7500
JJE,08-Jan-2020,46.89,46.89,46.0135,46.0135,400
JJG,08-Jan-2020,45.6,45.86,45.6,45.84,1400
JJM,08-Jan-2020,43.95,44.134,43.95,44.134,100
JJN,08-Jan-2020,56.5999,56.68,56.52,56.5539,1200
JJP,08-Jan-2020,55.36,55.5319,55.36,55.5319,600
JJS,08-Jan-2020,41.051,41.051,41.051,41.051,0
JJT,08-Jan-2020,44.245,44.245,44.245,44.245,0
JJU,08-Jan-2020,40.68,40.82,40.6187,40.6187,6700
JKD,08-Jan-2020,185.29,187.08,185.29,186.581,14000
JKE,08-Jan-2020,212.99,215.7,212.99,214.71,19100
JKF,08-Jan-2020,116.24,116.91,116.22,116.44,4000
JKG,08-Jan-2020,208.3,210.01,208.3,209.3392,5700
JKH,08-Jan-2020,267.05,269.0887,267.05,267.9339,32500
JKJ,08-Jan-2020,188.78,189.1,187.89,188.3836,1500
JKK,08-Jan-2020,213.17,214.85,213.05,214.4599,2500
JKL,08-Jan-2020,142.44,142.85,142.09,142.3517,5700
JMBS,08-Jan-2020,52.16,52.19,52.1,52.1,99200
JMIN,08-Jan-2020,31.235,31.365,31.235,31.2558,30400
JMOM,08-Jan-2020,30.72,30.91,30.72,30.799,19300
JMST,08-Jan-2020,50.48,50.52,50.48,50.52,17700
JMUB,08-Jan-2020,53.94,53.95,53.9102,53.93,3400
JNK,08-Jan-2020,109.77,109.94,109.71,109.84,5670500
JNUG,08-Jan-2020,840.5,845,730,747.2,5486700
JO,08-Jan-2020,39.29,39.29,38.25,38.49,241900
JOB,08-Jan-2020,0.47,0.4909,0.39,0.43,203300
JOYY,08-Jan-2020,25.43,25.6464,25.43,25.6464,5000
JPEM,08-Jan-2020,56.83,57.2985,56.79,56.95,66200
JPHY,08-Jan-2020,51.73,51.85,51.73,51.835,24400
JPIN,08-Jan-2020,56.72,57.0698,56.72,56.8662,129500
JPMB,08-Jan-2020,51.6199,51.6199,51.5101,51.585,1600
JPME,08-Jan-2020,70.4429,70.52,70.3227,70.3227,3700
JPN,08-Jan-2020,28.96,29.18,28.95,28.9861,4700
JPNL,08-Jan-2020,64.47,65.4774,64.47,65.0157,4700
JPSE,08-Jan-2020,32.41,32.57,32.41,32.43,19800
JPST,08-Jan-2020,50.46,50.46,50.45,50.45,1821600
JPUS,08-Jan-2020,79.21,79.6713,79.21,79.36,39100
JPXN,08-Jan-2020,63.81,64.2799,63.81,64.1253,5400
JQUA,08-Jan-2020,31.4202,31.62,31.409,31.4911,41800
JUST,08-Jan-2020,46.47,46.93,46.47,46.74,4800
JVAL,08-Jan-2020,28.9,29.0612,28.821,28.9587,12400
JXI,08-Jan-2020,58.02,58.15,57.96,57.96,31600
KALL,08-Jan-2020,27.1372,27.15,26.9953,26.9953,3800
KARS,08-Jan-2020,24.26,24.51,24.04,24.3475,11500
KBA,08-Jan-2020,33.07,33.39,32.93,33.28,162100
KBE,08-Jan-2020,46.28,46.81,46.13,46.62,3871100
KCCB,08-Jan-2020,41.045,41.045,41.045,41.045,100
KCE,08-Jan-2020,59.75,59.87,59.75,59.851,900
KCNY,08-Jan-2020,32.85,32.93,32.85,32.93,500
KDFI,08-Jan-2020,25.02,25.09,24.9,24.975,29100
KEMQ,08-Jan-2020,24.42,24.8598,24.42,24.7148,21100
KEMX,08-Jan-2020,26.5357,26.5357,26.5357,26.5357,0
KFYP,08-Jan-2020,29.15,29.5,29.03,29.3935,4100
KGRN,08-Jan-2020,18.66,18.8094,18.66,18.7528,200
KIE,08-Jan-2020,35.31,35.68,35.3051,35.39,189000
KIQ,08-Jan-2020,0.725,0.7365,0.6492,0.705,38100
KJAN,08-Jan-2020,26.66,26.74,26.66,26.68,14700
KLCD,08-Jan-2020,26.8484,26.9,26.8064,26.8064,9300
KLDW,08-Jan-2020,36.579,36.72,36.579,36.6418,4500
KLR,08-Jan-2020,8.25,8.35,8.05,8.31,5400
KLR.W,08-Jan-2020,1.03,1.14,1.02,1.07,16100
KMED,08-Jan-2020,22.195,22.195,22.195,22.195,100
KNAB,08-Jan-2020,40.3488,40.3488,40.3488,40.3488,0
KNG,08-Jan-2020,45.9,46.16,45.9,46.0234,5600
KNOW,08-Jan-2020,39.59,39.71,39.49,39.5515,11700
KOCT,08-Jan-2020,25.2,25.345,25.2,25.32,10200
KOIN,08-Jan-2020,29.02,29.03,29,29,900
KOL,08-Jan-2020,99.3,99.3,97.989,98.3,11900
KOLD,08-Jan-2020,39.45,40.32,38.9,38.93,37200
KOMP,08-Jan-2020,36.62,36.9299,36.61,36.84,38600
KORP,08-Jan-2020,51.43,51.43,51.26,51.33,3300
KORU,08-Jan-2020,24.19,25.21,24.17,24.76,87300
KRE,08-Jan-2020,56.92,57.59,56.9077,57.34,5006700
KSA,08-Jan-2020,29.91,30.26,29.8856,30.21,814000
KSCD,08-Jan-2020,26.21,26.22,26.13,26.1329,8500
KURE,08-Jan-2020,23.07,23.45,23.07,23.375,4900
KWEB,08-Jan-2020,51.59,52.55,51.42,52.23,2122200
KXI,08-Jan-2020,54.87,55.28,54.87,55.07,32100
LABD,08-Jan-2020,255.2,257.2,240.5,243.6,3612300
LABU,08-Jan-2020,55.45,58.72,55.09,58.07,1971000
LACK,08-Jan-2020,15.76,15.76,15.5501,15.5728,1300
LBJ,08-Jan-2020,454.7,462.052,447.956,451.8,13200
LCR,08-Jan-2020,25.136,25.136,25.136,25.136,100
LCTX,08-Jan-2020,0.795,0.8,0.76,0.7627,527400
LD,08-Jan-2020,40.77,40.77,40.6652,40.6652,400
LDRS,08-Jan-2020,22.6206,22.7407,22.6206,22.736,300
LDUR,08-Jan-2020,99.9,99.98,99.8,99.8,33400
LEAD,08-Jan-2020,39.29,39.29,39.1637,39.1637,300
LEMB,08-Jan-2020,43.77,43.99,43.7554,43.93,232100
LEND,08-Jan-2020,18.025,18.025,18.025,18.025,100
LEU,08-Jan-2020,6.59,6.69,6.5,6.59,11000
LFEQ,08-Jan-2020,30.2498,30.3913,30.2,30.308,10600
LGH,08-Jan-2020,28.06,28.34,28.06,28.21,17500
LGL,08-Jan-2020,14.55,14.55,14.025,14.05,11200
LGLV,08-Jan-2020,114.02,114.9195,114.02,114.39,162400
LGOV,08-Jan-2020,27.42,27.42,27.305,27.315,3900
LIT,08-Jan-2020,27.12,27.35,26.94,27.23,328100
LKOR,08-Jan-2020,57.83,57.9659,57.54,57.6291,3100
LMLB,08-Jan-2020,25.9301,26.02,25.885,25.9618,2500
LNG,08-Jan-2020,63.94,63.98,61.925,61.99,1955900
LODE,08-Jan-2020,0.65,0.74,0.5115,0.54,1999000
LOUP,08-Jan-2020,27.65,27.8988,27.65,27.82,600
LOV,08-Jan-2020,4.61,4.84,4.58,4.59,102100
LOWC,08-Jan-2020,99.38,99.97,99.38,99.657,400
LQD,08-Jan-2020,128.01,128.32,127.67,127.73,12268400
LQDH,08-Jan-2020,95.31,95.4,95.23,95.23,5900
LQDI,08-Jan-2020,26.74,26.74,26.74,26.74,100
LRGF,08-Jan-2020,34.38,34.6,34.335,34.47,102600
LSAF,08-Jan-2020,26.84,26.9274,26.8185,26.8185,3900
LSLT,08-Jan-2020,28.55,28.55,28.4799,28.48,3000
LSST,08-Jan-2020,25.285,25.285,25.285,25.285,0
LTL,08-Jan-2020,41.72,41.72,41.5737,41.5737,500
LTPZ,08-Jan-2020,72.91,73.14,72.5,72.81,62700
LVHI,08-Jan-2020,27.09,27.17,26.9901,27.1,34200
MAAX,08-Jan-2020,25.7556,25.7556,25.7556,25.7556,100
MAG,08-Jan-2020,11.33,11.49,10.89,10.91,631300
MAGA,08-Jan-2020,28.7112,28.784,28.7,28.7509,1300
MCF,08-Jan-2020,3.78,3.78,3.48,3.5,317800
MCRO,08-Jan-2020,26.735,26.735,26.735,26.735,100
MDY,08-Jan-2020,373.12,374.99,372.34,373.6,888500
MDYG,08-Jan-2020,57,57.29,56.971,57.09,90400
MDYV,08-Jan-2020,54.13,54.3788,54,54.16,51100
MEAR,08-Jan-2020,50.19,50.19,50.12,50.18,22800
MEXX,08-Jan-2020,145.2,149.2764,144.6,146.9148,39900
MFDX,08-Jan-2020,26.02,26.02,25.955,25.9674,2800
MFEM,08-Jan-2020,24.62,24.855,24.62,24.77,19800
MFMS,08-Jan-2020,25.59,25.965,25.59,25.86,17400
MFUS,08-Jan-2020,31.15,31.3294,31.15,31.231,700
MGC,08-Jan-2020,112.18,113.304,112.18,112.86,113500
MGK,08-Jan-2020,147.83,149.546,147.62,148.92,285000
MGV,08-Jan-2020,86.67,87.2801,86.67,86.9,83700
MHH,08-Jan-2020,10.89,11.09,10.76,11.09,28800
MIDF,08-Jan-2020,28.3042,28.3042,28.3042,28.3042,100
MIDU,08-Jan-2020,48.45,49.1,48.2,48.5424,27200
MINC,08-Jan-2020,48.5794,48.59,48.5247,48.555,7000
MINT,08-Jan-2020,101.67,101.68,101.64,101.67,1292500
MJ,08-Jan-2020,16.23,16.71,15.98,16.39,1642800
MJJ,08-Jan-2020,49.732,50.0051,49.732,50.0051,100
MJO,08-Jan-2020,49.8201,49.8201,49.8201,49.8201,100
MLN,08-Jan-2020,21.24,21.25,21.2,21.21,28200
MLPA,08-Jan-2020,49.2,49.5,48.5016,49.02,1189000
MLPB,08-Jan-2020,20.0749,20.0749,20.0749,20.0749,100
MLPC,08-Jan-2020,12.6711,12.6711,12.6711,12.6711,100
MLPE,08-Jan-2020,19.3556,19.3556,19.3556,19.3556,0
MLPG,08-Jan-2020,19.06,19.06,18.702,18.702,100
MLPI,08-Jan-2020,20.19,20.31,19.92,20.03,818800
MLPO,08-Jan-2020,12.6226,12.6226,12.6226,12.6226,0
MLPX,08-Jan-2020,37.29,37.41,36.87,36.87,1058300
MLPY,08-Jan-2020,5.4,5.4,5.25,5.265,54900
MLSS,08-Jan-2020,1.56,1.72,1.55,1.61,964800
MMIN,08-Jan-2020,26.41,26.5098,26.41,26.4834,6000
MMIT,08-Jan-2020,26.08,26.09,26.05,26.07,2700
MMTM,08-Jan-2020,137.8,139.16,137.8,138.7135,2400
MMX,08-Jan-2020,5.44,5.44,5.19,5.24,97700
MNA,08-Jan-2020,33.3,33.39,33.3,33.36,88200
MOAT,08-Jan-2020,55.24,55.51,55.1,55.27,273800
MOM,08-Jan-2020,23.36,23.36,23.36,23.36,0
MOO,08-Jan-2020,68.27,68.6621,68.201,68.47,16100
MORT,08-Jan-2020,24.19,24.2,24.0752,24.08,45700
MOTI,08-Jan-2020,32.15,32.5,32.15,32.3,44100
MOTO,08-Jan-2020,26.54,26.684,26.53,26.684,200
MRGR,08-Jan-2020,38.415,38.4158,38.4089,38.4089,1000
MSN,08-Jan-2020,0.8858,0.8999,0.85,0.85,9100
MTA,08-Jan-2020,6.54,6.58,5.51,5.68,136600
MTGP,08-Jan-2020,50.48,50.51,50.35,50.44,21400
MTNB,08-Jan-2020,1.75,1.76,1.62,1.64,2368800
MTUM,08-Jan-2020,125.84,126.955,125.84,126.46,737400
MUB,08-Jan-2020,114.69,114.76,114.61,114.61,986900
MUNI,08-Jan-2020,55.46,55.49,55.4104,55.435,57200
MUST,08-Jan-2020,21.74,21.75,21.72,21.7273,8000
MUTE,08-Jan-2020,113.909,113.909,113.909,113.909,100
MVIN,08-Jan-2020,44.6658,44.6658,44.4832,44.51,3000
MVV,08-Jan-2020,44.59,45.0217,44.58,44.72,28600
MXC,08-Jan-2020,4.21,4.21,4,4.025,3700
MXDU,08-Jan-2020,31.1264,31.1264,31.1264,31.1264,0
MXI,08-Jan-2020,66.18,66.415,66.18,66.2863,17100
MYO,08-Jan-2020,9.9,10.8,9.315,10.8,914400
MYY,08-Jan-2020,39.84,39.9408,39.84,39.9408,1000
MZZ,08-Jan-2020,14.11,14.1582,14.11,14.1582,2100
NACP,08-Jan-2020,23.5456,23.5456,23.5456,23.5456,100
NAIL,08-Jan-2020,70.15,74.34,70.15,71.46,115200
NAK,08-Jan-2020,0.4212,0.43,0.409,0.415,2773100
NANR,08-Jan-2020,33.7068,33.7068,33.22,33.22,16400
NAVB,08-Jan-2020,1.51,1.62,1.4085,1.52,140600
NBH,08-Jan-2020,15.41,15.5,15.4,15.5,17900
NBO,08-Jan-2020,12.56,12.56,12.521,12.553,4300
NBW,08-Jan-2020,14.08,14.12,14.08,14.12,1700
NBY,08-Jan-2020,0.675,0.69,0.63,0.6342,228500
NEAR,08-Jan-2020,50.28,50.28,50.26,50.26,1136300
NEED,08-Jan-2020,33,33.52,32.73,33.2476,17500
NEN,08-Jan-2020,63,63,62,62.75,3600
NERD,08-Jan-2020,16.215,16.42,16.215,16.3224,14600
NES,08-Jan-2020,2.82,2.86,2.82,2.85,1000
NETL,08-Jan-2020,27.2556,27.3115,27.2097,27.2978,2300
NFLT,08-Jan-2020,24.8,24.81,24.78,24.79,3400
NFRA,08-Jan-2020,53.63,53.91,53.61,53.76,75400
NG,08-Jan-2020,9.1,9.12,8.475,8.5,2614400
NGD,08-Jan-2020,1.02,1.03,0.88,0.9007,4163900
NGE,08-Jan-2020,14.7,14.9,14.56,14.74,59800
NHC,08-Jan-2020,86.6,88.35,86.6,87.99,58900
NHS,08-Jan-2020,12.39,12.47,12.33,12.44,52200
NIB,08-Jan-2020,29.0522,29.0536,28.85,28.9,35700
NJAN,08-Jan-2020,35.1999,35.35,35.195,35.2427,10200
NLR,08-Jan-2020,47.9,48.1,47.9,47.9615,1000
NML,08-Jan-2020,7.12,7.16,7.0265,7.06,202000
NNVC,08-Jan-2020,2.68,2.86,2.5426,2.81,130300
NOBL,08-Jan-2020,74.93,75.355,74.8447,75.09,853100
NOCT,08-Jan-2020,32.5721,32.66,32.57,32.5723,54600
NOG,08-Jan-2020,22.7,22.8,20.7,20.9,5989100
NORW,08-Jan-2020,12.55,12.6028,12.4882,12.56,26800
NRGD,08-Jan-2020,36.2768,36.2768,36.2768,36.2768,0
NRGO,08-Jan-2020,51.3417,51.37,51.3417,51.3417,100
NRGU,08-Jan-2020,1030,1030,979.6,979.726,500
NRGZ,08-Jan-2020,41.8222,41.8222,41.79,41.8222,100
NRO,08-Jan-2020,5.58,5.6,5.55,5.55,146400
NSP.W,08-Jan-2020,0.008,0.008,0.008,0.008,100
NSP.X,08-Jan-2020,0.0085,0.0085,0.0085,0.0085,100
NSPR,08-Jan-2020,1.01,1.05,1.005,1.03,118500
NTIP,08-Jan-2020,2.16,2.42,2.16,2.31,82100
NTN,08-Jan-2020,2.319,2.44,2.239,2.3783,4500
NTSX,08-Jan-2020,29.8,29.98,29.8,29.92,35400
NUAG,08-Jan-2020,24.73,24.75,24.68,24.7197,5600
NUBD,08-Jan-2020,25.63,25.67,25.5705,25.59,47500
NUDM,08-Jan-2020,26.81,27.03,26.81,26.9142,2100
NUEM,08-Jan-2020,27.12,27.43,27.1,27.2734,3500
NUGT,08-Jan-2020,174.8,176.1,152.925,156.6,19295800
NUHY,08-Jan-2020,25.35,25.35,25.3168,25.3168,3200
NULC,08-Jan-2020,29.8822,29.8822,29.8822,29.8822,0
NULG,08-Jan-2020,42.1,42.5,42.0994,42.29,23100
NULV,08-Jan-2020,32.55,32.64,32.44,32.51,26000
NUMG,08-Jan-2020,35.69,35.9019,35.69,35.75,8800
NUMV,08-Jan-2020,29.83,29.9401,29.83,29.9,9000
NURE,08-Jan-2020,29.6817,29.7853,29.615,29.7317,71300
NUSA,08-Jan-2020,24.95,24.9658,24.95,24.965,1400
NUSC,08-Jan-2020,31.2313,31.2313,31.06,31.14,30000
NUSI,08-Jan-2020,25.1353,25.35,25.1353,25.2818,1900
NXE,08-Jan-2020,1.24,1.24,1.19,1.22,400500
NYF,08-Jan-2020,57.39,57.45,57.35,57.4,23700
OBOR,08-Jan-2020,24.5,24.5212,24.39,24.5212,700
OCIO,08-Jan-2020,27.9333,27.9333,27.9333,27.9333,0
OCX,08-Jan-2020,2.93,2.93,2.55,2.59,757700
OEF,08-Jan-2020,144.75,146.17,144.69,145.53,356200
OEUR,08-Jan-2020,25.7,25.7,25.66,25.66,2800
OGCP,08-Jan-2020,13.67,13.78,13.6673,13.7781,5500
OGEN,08-Jan-2020,0.4788,0.48,0.469,0.4798,583600
OGIG,08-Jan-2020,27.22,27.69,27.22,27.5605,19400
OIH,08-Jan-2020,268.2,268.2,258.7,260.4,15421600
OIL,08-Jan-2020,12.82,12.84,12.18,12.43,506300
OILK,08-Jan-2020,112.85,112.85,107.55,109.35,50300
OMFL,08-Jan-2020,33.34,33.44,33.1599,33.3101,173300
OMFS,08-Jan-2020,28.75,28.75,28.6583,28.6583,2400
ONEO,08-Jan-2020,78.14,78.1764,78.14,78.1764,100
ONEV,08-Jan-2020,85.95,86.2462,85.8258,85.97,6800
ONEY,08-Jan-2020,75.57,75.86,75.41,75.7315,6200
ONLN,08-Jan-2020,37.01,37.3367,36.74,37.0629,9600
OPER,08-Jan-2020,100.11,100.12,100.105,100.105,1300
OSCV,08-Jan-2020,26.95,27.08,26.95,26.9944,10500
OUNZ,08-Jan-2020,15.43,15.43,15.18,15.26,35600
OUSA,08-Jan-2020,36.5,36.7533,36.4759,36.63,42500
OUSM,08-Jan-2020,29.43,29.4775,29.3146,29.3867,16100
OVB,08-Jan-2020,25.37,25.38,25.2574,25.2858,2900
OVF,08-Jan-2020,25.8121,25.8121,25.7752,25.7752,500
OVL,08-Jan-2020,27.7,27.83,27.6866,27.7006,18900
OVM,08-Jan-2020,25.5,25.59,25.496,25.5,9600
OVS,08-Jan-2020,27.1772,27.1772,27.0953,27.0953,200
PAK,08-Jan-2020,31.8,32.0092,31.72,31.88,93300
PALL,08-Jan-2020,197.79,199.2,193.5,198.71,87100
PAPR,08-Jan-2020,26.1557,26.19,26.1519,26.19,22200
PASS,08-Jan-2020,130.7,131.6,129.9,131.035,900
PAUG,08-Jan-2020,25.8648,25.9108,25.79,25.8793,117500
PAVE,08-Jan-2020,17.63,17.758,17.63,17.705,21200
PAWZ,08-Jan-2020,44.4,44.5635,44.3,44.3773,7500
PBD,08-Jan-2020,14.48,14.59,14.48,14.55,32900
PBDM,08-Jan-2020,25.57,25.57,25.392,25.392,100
PBE,08-Jan-2020,54.8335,55.25,54.8335,55.07,11900
PBEE,08-Jan-2020,25.6725,25.6725,25.6725,25.6725,100
PBJ,08-Jan-2020,33.86,33.9094,33.7716,33.7716,10300
PBND,08-Jan-2020,25.68,25.695,25.6623,25.6623,1200
PBP,08-Jan-2020,21.59,21.74,21.59,21.69,36600
PBS,08-Jan-2020,34.205,34.43,34.205,34.345,3200
PBSM,08-Jan-2020,28.6619,28.6619,28.6619,28.6619,100
PBTP,08-Jan-2020,25.03,25.03,25.0102,25.0102,100
PBUS,08-Jan-2020,32.48,32.5434,32.48,32.5434,300
PBW,08-Jan-2020,34.89,35.46,34.89,35.33,69900
PCEF,08-Jan-2020,23.37,23.44,23.37,23.43,185200
PCG-A,08-Jan-2020,26.19,26.29,25.85,25.85,2100
PCG-B,08-Jan-2020,24.055,24.055,24.055,24.055,100
PCG-C,08-Jan-2020,21.55,21.55,21.55,21.55,0
PCG-D,08-Jan-2020,21.5,21.9455,21.5,21.9455,600
PCG-E,08-Jan-2020,21.6,21.6,21.6,21.6,0
PCG-G,08-Jan-2020,21.09,21.09,21.09,21.09,0
PCG-H,08-Jan-2020,19.3,19.3,19.3,19.3,400
PCG-I,08-Jan-2020,19.461,19.461,19.461,19.461,100
PCY,08-Jan-2020,29.54,29.63,29.54,29.61,1287700
PDEC,08-Jan-2020,26.94,26.94,26.8565,26.8861,2900
PDN,08-Jan-2020,31.76,31.96,31.76,31.86,16900
PED,08-Jan-2020,1.7408,1.749,1.64,1.72,33200
PEJ,08-Jan-2020,45.07,45.135,44.907,44.907,3000
PEX,08-Jan-2020,34.59,34.59,34.54,34.55,1300
PEXL,08-Jan-2020,29.0599,29.15,29.0599,29.113,400
PFFA,08-Jan-2020,26.54,26.6,26.51,26.595,38400
PFFD,08-Jan-2020,25.27,25.29,25.24,25.25,332700
PFFL,08-Jan-2020,25.71,25.81,25.71,25.7422,10700
PFFR,08-Jan-2020,25.5692,25.67,25.5692,25.645,25400
PFIG,08-Jan-2020,26.2972,26.345,26.28,26.28,11100
PFLD,08-Jan-2020,25.2648,25.28,25.2634,25.2711,12400
PFXF,08-Jan-2020,20.28,20.33,20.2459,20.32,147600
PGAL,08-Jan-2020,11.01,11.19,11.01,11.1435,3500
PGF,08-Jan-2020,19.01,19.01,18.9708,19.01,301800
PGHY,08-Jan-2020,22.89,22.91,22.84,22.885,75700
PGM,08-Jan-2020,46.53,46.7143,46.53,46.7143,200
PGX,08-Jan-2020,15.12,15.16,15.11,15.13,2472600
PHB,08-Jan-2020,19.25,19.27,19.24,19.26,170100
PHDG,08-Jan-2020,28.12,28.22,28.12,28.2131,600
PHG.W,08-Jan-2020,0.49,0.49,0.45,0.45,24200
PHGE,08-Jan-2020,9.64,9.7,8.955,9.595,10000
PHYL,08-Jan-2020,41.37,41.4,41.26,41.26,6800
PHYS,08-Jan-2020,12.68,12.6999,12.48,12.56,1935100
PICB,08-Jan-2020,27.2,27.2,27.05,27.07,6100
PICK,08-Jan-2020,29.33,29.74,29.33,29.71,227700
PILL,08-Jan-2020,24.14,24.14,23.6,23.6435,22100
PIN,08-Jan-2020,19.61,19.785,19.57,19.695,58000
PJAN,08-Jan-2020,28.6,28.6,28.43,28.5218,110300
PJP,08-Jan-2020,63.57,64.0899,63.45,63.78,53400
PJUL,08-Jan-2020,26.73,26.89,26.73,26.85,20000
PJUN,08-Jan-2020,27.315,27.315,27.315,27.315,100
PKB,08-Jan-2020,33.95,34.05,33.74,33.75,9100
PLAG,08-Jan-2020,2.4,2.49,2.38,2.49,1400
PLAT,08-Jan-2020,28.35,28.5836,28.35,28.5836,400
PLG,08-Jan-2020,1.77,1.7725,1.7,1.7,120100
PLM,08-Jan-2020,2.895,3.591,2.8,3.333,1244400
PLTM,08-Jan-2020,9.7,9.7,9.44,9.46,22100
PLX,08-Jan-2020,4.37,4.37,3.9,4.11,208400
PLY-A,08-Jan-2020,26.85,26.9606,26.85,26.8862,1800
PNOV,08-Jan-2020,26.37,26.37,26.315,26.365,7500
POCT,08-Jan-2020,25.2,25.3425,25.2,25.28,28900
PPA,08-Jan-2020,71.06,71.15,70.5922,70.62,116600
PPLT,08-Jan-2020,91.56,91.56,89.685,90.16,103000
PPTY,08-Jan-2020,32.07,32.14,31.92,32.0578,21800
PQIN,08-Jan-2020,54.3992,54.3992,54.3992,54.3992,0
PQLC,08-Jan-2020,56.4785,56.4785,56.4785,56.4785,100
PQSG,08-Jan-2020,54.0703,54.0703,54.0703,54.0703,0
PQSV,08-Jan-2020,52.2301,52.2301,52.2301,52.2301,0
PREF,08-Jan-2020,20.1971,20.202,20.161,20.1757,11500
PRF,08-Jan-2020,126.26,127.1759,126.21,126.7,84500
PRK,08-Jan-2020,100.84,103,100.84,102.25,40900
PRNT,08-Jan-2020,22.3,22.78,22.13,22.6414,26800
PSEP,08-Jan-2020,25.76,25.83,25.76,25.83,3300
PSI,08-Jan-2020,68.06,68.66,67.81,68.25,22200
PSJ,08-Jan-2020,101.49,102.224,101.31,101.75,26300
PSK,08-Jan-2020,44.36,44.39,44.28,44.37,135800
PSLV,08-Jan-2020,6.76,6.76,6.61,6.63,1233400
PSMB,08-Jan-2020,14.15,14.18,14.0898,14.125,6200
PSMC,08-Jan-2020,12.8744,12.88,12.8503,12.88,900
PSMG,08-Jan-2020,14.9597,15.0079,14.9597,15.0079,700
PSMM,08-Jan-2020,13.795,13.809,13.78,13.795,7300
PSP,08-Jan-2020,12.71,12.8,12.7,12.75,146800
PSQ,08-Jan-2020,24.23,24.28,23.94,24.05,1891400
PSR,08-Jan-2020,94.22,94.61,94.0601,94.4344,9900
PST,08-Jan-2020,18.7,18.86,18.68,18.82,38300
PTBD,08-Jan-2020,25.64,25.64,25.5001,25.5911,47200
PTEU,08-Jan-2020,27.66,27.72,27.57,27.6698,19400
PTIN,08-Jan-2020,26.72,26.93,26.72,26.86,28300
PTLC,08-Jan-2020,33.54,33.86,33.54,33.71,675000
PTMC,08-Jan-2020,30.48,30.68,30.469,30.545,201100
PTN,08-Jan-2020,0.7576,0.775,0.75,0.7704,1073900
PTNQ,08-Jan-2020,40.87,41.42,40.87,41.2335,162100
PULS,08-Jan-2020,50.05,50.05,50.04,50.04,162300
PUTW,08-Jan-2020,28.62,28.65,28.52,28.6,13800
PVI,08-Jan-2020,24.9,24.93,24.89,24.91,12900
PW,08-Jan-2020,8.7768,8.7795,8.6083,8.74,8800
PW-A,08-Jan-2020,28.2926,28.2926,28.2926,28.2926,0
PWB,08-Jan-2020,51.51,52.1491,51.51,51.9349,40500
PWC,08-Jan-2020,98.6983,98.9311,98.6101,98.6101,1900
PWS,08-Jan-2020,24.0167,24.24,24,24.1424,109000
PWV,08-Jan-2020,41.08,41.4275,41.07,41.245,90600
PWZ,08-Jan-2020,27.52,27.59,27.46,27.495,21800
PXE,08-Jan-2020,16.98,17.02,16.21,16.33,10100
PXF,08-Jan-2020,42.37,42.63,42.37,42.49,23800
PXH,08-Jan-2020,22.22,22.465,22.2,22.34,398200
PXJ,08-Jan-2020,5.6202,5.6202,5.4248,5.46,27000
PXQ,08-Jan-2020,62.11,62.8093,62.11,62.4453,1100
PYPE,08-Jan-2020,21.2,21.242,21.2,21.242,400
PZA,08-Jan-2020,26.65,26.67,26.6,26.61,414100
PZD,08-Jan-2020,49.66,50.05,49.66,49.9162,7000
PZG,08-Jan-2020,0.786,0.8065,0.7726,0.7801,36100
PZT,08-Jan-2020,25.61,25.6299,25.51,25.5849,18300
QAI,08-Jan-2020,30.88,30.92,30.83,30.8802,48900
QARP,08-Jan-2020,30.2316,30.4159,30.2316,30.24,3200
QDEF,08-Jan-2020,47.61,47.8898,47.58,47.7406,17200
QDF,08-Jan-2020,48.15,48.51,48.08,48.34,98600
QDIV,08-Jan-2020,26.84,26.93,26.821,26.821,236300
QDYN,08-Jan-2020,47.99,48.4,47.99,48.2082,3600
QED,08-Jan-2020,21.755,21.755,21.755,21.755,100
QEFA,08-Jan-2020,66.7,67.07,66.6031,66.8912,14000
QEMM,08-Jan-2020,60.5902,61.12,60.4665,60.8659,3500
QGRO,08-Jan-2020,45.62,45.91,45.4,45.74,15000
QID,08-Jan-2020,22.86,22.915,22.29,22.52,3814800
QINT,08-Jan-2020,41.71,41.8755,41.71,41.8755,5200
QLC,08-Jan-2020,36.73,37.0097,36.72,36.83,1300
QLD,08-Jan-2020,62.52,64.09,62.35,63.48,1147700
QLS,08-Jan-2020,22.82,22.9681,22.82,22.9234,1800
QLTA,08-Jan-2020,54.76,54.83,54.6121,54.67,37700
QLV,08-Jan-2020,42.15,42.35,42.15,42.21,3900
QLVD,08-Jan-2020,26.1946,26.31,26.1946,26.2361,9300
QLVE,08-Jan-2020,26,26,26,26,200
QMN,08-Jan-2020,26.72,26.72,26.719,26.719,300
QMOM,08-Jan-2020,33.41,33.5,33.34,33.37,33400
QQH,08-Jan-2020,29.5,30.18,29.37,29.7314,29900
QQQE,08-Jan-2020,55.38,56.0799,55.38,55.82,41600
QRFT,08-Jan-2020,27.9343,27.9343,27.9343,27.9343,100
QSY,08-Jan-2020,94.599,94.8628,94.1678,94.4944,4200
QTUM,08-Jan-2020,29.89,30.18,29.85,30.0554,39300
QUAL,08-Jan-2020,101.34,102.1974,101.28,101.73,701900
QUS,08-Jan-2020,94.75,95.3238,94.58,95.02,30000
QVAL,08-Jan-2020,30.2,30.49,30.1302,30.39,43900
QVM,08-Jan-2020,29.41,29.4672,29.4,29.4672,3400
QWLD,08-Jan-2020,86.2,86.2285,85.8882,85.8882,2100
RAAX,08-Jan-2020,25.7338,25.7615,25.7338,25.7615,300
RAFE,08-Jan-2020,25.23,25.23,25.15,25.15,100
RALS,08-Jan-2020,34.33,34.33,34.33,34.33,300
RAVI,08-Jan-2020,75.7605,75.79,75.76,75.7717,17300
RBIN,08-Jan-2020,25.8101,25.8299,25.8101,25.8299,200
RBUS,08-Jan-2020,28.98,30.5351,28.98,30.5351,100
RCD,08-Jan-2020,110.78,111.55,110.77,111,2800
RCG,08-Jan-2020,1.6755,1.7099,1.65,1.67,19500
RDIV,08-Jan-2020,38.97,39.09,38.78,38.93,243200
RDOG,08-Jan-2020,46.86,47.7735,46.86,47.7735,1300
RECS,08-Jan-2020,21.61,21.72,21.6,21.664,1000
REET,08-Jan-2020,27.25,27.34,27.16,27.31,384400
REGL,08-Jan-2020,59.46,59.82,59.4401,59.6119,51100
REI,08-Jan-2020,3.3,3.31,2.97,3.05,1298500
REK,08-Jan-2020,13.0508,13.0508,13.0133,13.0133,700
REM,08-Jan-2020,44.79,44.8516,44.59,44.62,147900
REML,08-Jan-2020,25.57,25.72,25.501,25.51,180800
REMX,08-Jan-2020,41.34,41.67,41.16,41.46,195100
RETL,08-Jan-2020,269.7,276.5,268.6,270.6,22200
REVS,08-Jan-2020,21.14,21.18,21.1374,21.1374,200
REW,08-Jan-2020,48.32,48.32,47.44,47.5396,1800
REZ,08-Jan-2020,74.71,74.9879,74.45,74.82,219600
RFCI,08-Jan-2020,25.1944,25.1944,25.1212,25.1482,1500
RFDA,08-Jan-2020,35.0101,35.2,34.9258,35.1067,2000
RFFC,08-Jan-2020,35.84,36.043,35.74,35.892,4400
RFG,08-Jan-2020,153.85,154.96,153.85,154.0651,13600
RFUN,08-Jan-2020,25.586,25.6,25.586,25.6,500
RFV,08-Jan-2020,67.8,68.32,67.71,67.9307,12800
RGI,08-Jan-2020,136.65,137.5591,136.65,137.0288,25300
RHE,08-Jan-2020,1.39,1.5074,1.39,1.4516,51400
RHE-A,08-Jan-2020,4.12,4.3123,4.0887,4.235,1900
RHS,08-Jan-2020,144.47,144.8874,143.7544,144.23,12700
RIGS,08-Jan-2020,24.86,24.98,24.82,24.895,20800
RINF,08-Jan-2020,26.81,26.9338,26.81,26.93,1000
RISE,08-Jan-2020,22.78,22.895,22.78,22.895,300
RJA,08-Jan-2020,5.5452,5.55,5.5452,5.55,1000
RJI,08-Jan-2020,5.44,5.44,5.35,5.38,45900
RJN,08-Jan-2020,3.04,3.04,2.93,2.9716,11500
RJZ,08-Jan-2020,8.47,8.47,8.4645,8.4645,100
RLGT,08-Jan-2020,5.44,5.57,5.38,5.47,124700
RLY,08-Jan-2020,25.49,25.49,25.305,25.365,8600
ROAM,08-Jan-2020,23.05,23.11,22.98,22.98,4500
ROBO,08-Jan-2020,42.08,42.5575,42,42.45,135100
RODE,08-Jan-2020,27.6807,27.6807,27.6807,27.6807,0
RODI,08-Jan-2020,89.1113,89.1113,89.1113,89.1113,0
RODM,08-Jan-2020,29.29,29.45,29.248,29.4,328800
ROKT,08-Jan-2020,37.8,37.96,37.779,37.885,2300
ROM,08-Jan-2020,41.205,42.3201,41.04,41.9217,29800
ROMO,08-Jan-2020,26.28,26.47,26.28,26.3743,3200
ROOF,08-Jan-2020,25.44,25.5273,25.39,25.476,8900
ROSC,08-Jan-2020,30.4035,30.41,30.3415,30.3415,900
ROUS,08-Jan-2020,33.58,33.85,33.58,33.7398,63600
RPAR,08-Jan-2020,20.35,20.39,20.29,20.34,12500
RPG,08-Jan-2020,127.86,128.87,127.84,128.32,78000
RPV,08-Jan-2020,68.8,69.1857,68.57,68.84,154500
RSP,08-Jan-2020,115.5,116.25,115.35,115.78,498300
RSX,08-Jan-2020,25.58,25.87,25.5,25.76,8829700
RSXJ,08-Jan-2020,36.57,36.88,36.51,36.74,2900
RTM,08-Jan-2020,112.19,112.94,111.87,112.5189,3600
RUSL,08-Jan-2020,74.8,77.01,73.97,75.99,69200
RVNU,08-Jan-2020,28.33,28.3999,28.33,28.3695,54000
RVP,08-Jan-2020,1.61,1.69,1.55,1.69,162300
RVRS,08-Jan-2020,17.6525,17.675,17.6525,17.6734,1000
RWGV,08-Jan-2020,67.6,68.42,67.55,68.3224,12100
RWJ,08-Jan-2020,67.19,67.9623,67.19,67.33,6000
RWK,08-Jan-2020,64.14,64.6741,64.14,64.4512,14300
RWL,08-Jan-2020,58.1,58.5767,58.1,58.33,30200
RWM,08-Jan-2020,37.13,37.13,36.86,37,465100
RWO,08-Jan-2020,50.96,51.085,50.82,50.94,255900
RWR,08-Jan-2020,100.39,100.85,100.12,100.62,147300
RWVG,08-Jan-2020,56.41,56.51,56.27,56.3836,15000
RWX,08-Jan-2020,38.6,38.6,38.44,38.46,740500
RXD,08-Jan-2020,17.1381,17.1381,16.92,16.9329,5800
RXI,08-Jan-2020,126.14,127.43,126.14,126.8693,16000
RXL,08-Jan-2020,127.02,129.07,127.02,128.4883,3500
RYE,08-Jan-2020,48.98,48.98,47.78,48,30800
RYF,08-Jan-2020,46.66,47.15,46.66,46.81,17500
RYH,08-Jan-2020,221.56,223.75,221.5006,223.0047,15400
RYJ,08-Jan-2020,48.4085,48.4085,48.11,48.1328,3600
RYLD,08-Jan-2020,25.58,25.63,25.5307,25.57,4300
RYT,08-Jan-2020,200.06,202.14,199.57,201.2,40200
RYU,08-Jan-2020,104.87,105.2239,104.6,104.79,16500
RZG,08-Jan-2020,118.84,119.06,118.1449,118.3337,7000
RZV,08-Jan-2020,69.7499,69.7499,68.041,68.1647,31800
SAA,08-Jan-2020,108.4402,108.94,108.4402,108.5066,400
SACC,08-Jan-2020,25.17,25.17,25.1008,25.13,5700
SACH,08-Jan-2020,4.29,4.4411,4.27,4.4,189100
SBB,08-Jan-2020,30.042,30.042,30.042,30.042,100
SBIO,08-Jan-2020,41.17,41.85,40.951,41.68,49200
SBM,08-Jan-2020,17.75,17.75,17.7129,17.7129,20000
SBUG,08-Jan-2020,25.7867,25.7867,25.7867,25.7867,100
SCC,08-Jan-2020,25.5708,25.5708,25.5708,25.5708,100
SCCB,08-Jan-2020,25.86,25.86,25.7657,25.7657,1100
SCHA,08-Jan-2020,75.3,75.76,75.08,75.46,346600
SCHB,08-Jan-2020,77.16,77.8,77.1,77.45,1203500
SCHC,08-Jan-2020,34.38,34.47,34.3035,34.35,344100
SCHD,08-Jan-2020,57.55,57.97,57.55,57.78,1106100
SCHE,08-Jan-2020,27.38,27.71,27.38,27.56,1258700
SCHF,08-Jan-2020,33.53,33.74,33.5005,33.62,2412300
SCHG,08-Jan-2020,94.14,95.19,94.1039,94.75,487000
SCHH,08-Jan-2020,45.23,45.44,45.09,45.33,724400
SCHI,08-Jan-2020,50.2381,50.2381,50.1001,50.146,7800
SCHJ,08-Jan-2020,50.09,50.14,50.0473,50.0775,11900
SCHK,08-Jan-2020,31.7,31.9664,31.7,31.834,169100
SCHM,08-Jan-2020,60.1,60.39,59.98,60.14,364300
SCHO,08-Jan-2020,50.53,50.54,50.49,50.49,892000
SCHP,08-Jan-2020,56.87,56.9,56.705,56.77,509500
SCHQ,08-Jan-2020,48.05,48.1154,47.54,47.6683,16800
SCHR,08-Jan-2020,55.21,55.259,55.06,55.1,525700
SCHV,08-Jan-2020,59.82,60.1967,59.75,59.92,654200
SCHX,08-Jan-2020,77.1,77.7663,76.97,77.43,882300
SCHZ,08-Jan-2020,53.64,53.67,53.48,53.56,558800
SCJ,08-Jan-2020,74.07,74.55,74.07,74.42,29700
SCO,08-Jan-2020,11.6,12.77,11.575,12.26,8373000
SDCI,08-Jan-2020,17.55,18.1736,17.55,18.1736,100
SDD,08-Jan-2020,11.255,11.35,11.2403,11.2843,8500
SDEM,08-Jan-2020,13.83,13.98,13.82,13.901,35600
SDGA,08-Jan-2020,22.293,22.293,22.293,22.293,0
SDIV,08-Jan-2020,17.62,17.67,17.6,17.64,437700
SDOG,08-Jan-2020,46.64,46.87,46.46,46.66,143300
SDOW,08-Jan-2020,38,38.0832,36.722,37.2,1545800
SDP,08-Jan-2020,14.9822,14.9822,14.9822,14.9822,100
SDPI,08-Jan-2020,0.865,0.8656,0.8101,0.85,15600
SDS,08-Jan-2020,24.71,24.75,24.28,24.49,7396300
SDY,08-Jan-2020,106.25,107.03,106.1699,106.57,644700
SDYL,08-Jan-2020,99.2845,99.2845,99.2845,99.2845,100
SEB,08-Jan-2020,4200.01,4229.99,4155.1,4178,400
SECT,08-Jan-2020,30.79,31.005,30.79,30.92,49300
SEF,08-Jan-2020,19.27,19.27,19.1987,19.255,2700
SEIX,08-Jan-2020,24.97,24.98,24.965,24.965,800
SENS,08-Jan-2020,0.89,0.91,0.855,0.8637,1054700
SFHY,08-Jan-2020,50.68,50.68,50.65,50.65,3100
SFIG,08-Jan-2020,50.8557,50.8557,50.8393,50.845,3800
SFY,08-Jan-2020,11.35,11.38,11.28,11.329,40800
SFYF,08-Jan-2020,20.9,21.02,20.9,20.9784,500
SFYX,08-Jan-2020,10.6037,10.69,10.6037,10.6501,9000
SGDJ,08-Jan-2020,33.97,33.97,32.6089,32.8,60900
SGDM,08-Jan-2020,25.13,25.13,23.935,24.08,96500
SGG,08-Jan-2020,42.66,42.74,42.46,42.5561,1000
SGOL,08-Jan-2020,15.19,15.19,14.945,15.02,3292600
SH,08-Jan-2020,23.94,23.9532,23.72,23.82,5397500
SHAG,08-Jan-2020,50.47,50.47,50.39,50.405,13300
SHE,08-Jan-2020,77.36,77.98,77.36,77.75,6200
SHM,08-Jan-2020,49.2,49.223,49.16,49.17,381600
SHYD,08-Jan-2020,25.27,25.35,25.25,25.335,68900
SHYG,08-Jan-2020,46.51,46.56,46.3514,46.52,453900
SHYL,08-Jan-2020,48.93,48.9539,48.9256,48.9256,1300
SIF,08-Jan-2020,4.7,4.76,4.49,4.6895,14700
SIJ,08-Jan-2020,10.7204,10.7204,10.7,10.7082,2800
SIL,08-Jan-2020,32.6,32.7263,31.32,31.39,542500
SILJ,08-Jan-2020,12.01,12.01,11.36,11.38,873400
SILV,08-Jan-2020,6.89,6.92,6.371,6.45,910200
SIM,08-Jan-2020,11.14,11.14,10.4654,10.9899,11000
SIMS,08-Jan-2020,32.9464,32.9639,32.9,32.9017,400
SIVR,08-Jan-2020,17.81,17.83,17.5,17.56,195400
SIZE,08-Jan-2020,97.47,98.1,97.32,97.72,364300
SJB,08-Jan-2020,20.58,20.59,20.5491,20.587,160400
SJNK,08-Jan-2020,26.99,27.03,26.97,27.02,1616400
SKF,08-Jan-2020,13.9,13.9,13.6791,13.77,43400
SLT,08-Jan-2020,28.2469,28.29,28.1,28.1661,3800
SLV,08-Jan-2020,17.16,17.1885,16.86,16.93,29947700
SLVP,08-Jan-2020,11.11,11.1146,10.61,10.62,95100
SLX,08-Jan-2020,37.36,37.7399,37.3,37.4978,12300
SLY,08-Jan-2020,72.02,72.45,72.02,72.22,43400
SLYG,08-Jan-2020,64.34,64.87,64.34,64.63,178800
SLYV,08-Jan-2020,65,65.4,64.8642,65.01,176600
SMB,08-Jan-2020,17.82,17.84,17.81,17.81,44300
SMDD,08-Jan-2020,25.24,25.24,24.84,25.1184,32300
SMDV,08-Jan-2020,61.11,61.24,60.8766,61.1,132400
SMEZ,08-Jan-2020,61.4,61.73,61.4,61.6203,2300
SMHB,08-Jan-2020,16.6,16.9286,16.6,16.85,68200
SMIN,08-Jan-2020,35.95,36.4272,35.95,36.35,30900
SMLF,08-Jan-2020,42.7417,42.9,42.65,42.765,21700
SMLV,08-Jan-2020,99.06,99.81,99.06,99.3893,17500
SMMD,08-Jan-2020,47.88,48.2,47.75,48.01,21700
SMMU,08-Jan-2020,50.79,50.79,50.65,50.76,32200
SMMV,08-Jan-2020,35.36,35.38,35.2,35.23,208600
SMN,08-Jan-2020,24.24,24.71,24.24,24.52,900
SMOG,08-Jan-2020,77.18,77.99,77.0052,77.765,2100
SMTS,08-Jan-2020,1.79,1.79,1.7074,1.765,33700
SNMP,08-Jan-2020,0.4163,0.52,0.405,0.46,482700
SNPE,08-Jan-2020,27.99,28.24,27.99,28.09,5600
SOVB,08-Jan-2020,25,25.3999,25,25.355,24400
SOXL,08-Jan-2020,282.4,286.8539,277.29,281.84,668900
SOXS,08-Jan-2020,244.32,247.92,239.7,244.2,3904800
SOYB,08-Jan-2020,15.67,15.75,15.6582,15.7203,22200
SPAB,08-Jan-2020,29.49,29.51,29.42,29.44,842800
SPBO,08-Jan-2020,33.81,33.93,33.8,33.8284,36200
SPDN,08-Jan-2020,24.2902,24.32,24.15,24.2486,28900
SPDV,08-Jan-2020,27.13,27.23,26.9615,27.13,28600
SPDW,08-Jan-2020,31.27,31.44,31.2389,31.34,1097400
SPEM,08-Jan-2020,37.57,37.94,37.5117,37.75,590300
SPEU,08-Jan-2020,36.22,36.4299,36.22,36.36,12900
SPFF,08-Jan-2020,11.81,11.84,11.7988,11.84,71700
SPGM,08-Jan-2020,42.99,43.26,42.97,43.1045,8400
SPGP,08-Jan-2020,63.2,63.689,63.1201,63.33,79600
SPHB,08-Jan-2020,47.13,47.47,46.93,47.22,103700
SPHD,08-Jan-2020,43.44,43.64,43.34,43.48,434500
SPHQ,08-Jan-2020,36.54,36.8937,36.54,36.74,349200
SPHY,08-Jan-2020,26.4,26.4,26.39,26.4,36600
SPIB,08-Jan-2020,35.35,35.41,35.32,35.33,1418100
SPIP,08-Jan-2020,28.65,28.68,28.5721,28.62,492000
SPLB,08-Jan-2020,30.08,30.2379,29.97,30.03,800400
SPLG,08-Jan-2020,37.95,38.29,37.945,38.12,723300
SPLV,08-Jan-2020,57.82,58.1,57.78,57.91,5078900
SPMB,08-Jan-2020,26.18,26.24,26.18,26.21,126300
SPMD,08-Jan-2020,35.96,36.1828,35.95,36.03,255800
SPMO,08-Jan-2020,41.8,42.2,41.77,42.02,14300
SPMV,08-Jan-2020,32.035,32.061,32.03,32.03,1900
SPPP,08-Jan-2020,15.19,15.36,15.17,15.3,68700
SPSB,08-Jan-2020,30.87,30.87,30.84,30.85,668200
SPSK,08-Jan-2020,20.12,20.175,20.07,20.07,22300
SPSM,08-Jan-2020,32.47,32.7079,32.4695,32.56,281000
SPTI,08-Jan-2020,31.11,31.11,31,31.02,199500
SPTL,08-Jan-2020,39.62,39.7114,39.15,39.27,634500
SPTM,08-Jan-2020,39.95,40.3251,39.95,40.14,370700
SPTS,08-Jan-2020,29.99,29.99,29.96,29.96,360500
SPUS,08-Jan-2020,20.4301,20.6,20.4301,20.5188,49800
SPUU,08-Jan-2020,66.77,67.9401,66.77,67.4609,15400
SPVM,08-Jan-2020,42.75,42.93,42.7,42.7564,13900
SPVU,08-Jan-2020,38.5183,38.662,38.38,38.5198,21100
SPXB,08-Jan-2020,88.19,88.19,87.6201,87.77,1400
SPXE,08-Jan-2020,69.0176,69.5763,69.0176,69.3228,1100
SPXL,08-Jan-2020,66.67,68.38,66.49,67.56,3888100
SPXN,08-Jan-2020,67.162,67.162,67.162,67.162,0
SPXS,08-Jan-2020,13.13,13.1699,12.78,12.94,9366600
SPXT,08-Jan-2020,59.55,59.7365,59.55,59.7365,500
SPXU,08-Jan-2020,19.85,19.89,19.32,19.57,11718400
SPXV,08-Jan-2020,67.8563,67.8563,67.8563,67.8563,0
SPY,08-Jan-2020,323.24,325.78,322.67,324.45,68434100
SPYD,08-Jan-2020,39.09,39.21,38.8969,39.08,789500
SPYG,08-Jan-2020,42.36,42.8101,42.32,42.62,1716500
SPYV,08-Jan-2020,34.72,34.96,34.69,34.8,1225300
SPYX,08-Jan-2020,79.24,79.87,79.12,79.5279,25900
SRLN,08-Jan-2020,46.7,46.74,46.67,46.71,499500
SRS,08-Jan-2020,19.025,19.07,18.865,18.96,11300
SRTY,08-Jan-2020,18.25,18.29,17.87,18.09,423200
SRVR,08-Jan-2020,32.29,32.49,32.15,32.42,137000
SSG,08-Jan-2020,58.24,58.52,57.5604,58.4728,9000
SSO,08-Jan-2020,75.89,77.1968,75.73,76.53,1904100
SSPY,08-Jan-2020,50.63,50.8107,50.58,50.793,1476100
SSY,08-Jan-2020,1.1,1.1,1.1,1.1,2800
STIP,08-Jan-2020,100.86,100.89,100.72,100.77,335100
STOT,08-Jan-2020,49.55,49.55,49.5001,49.53,17900
STPZ,08-Jan-2020,52.49,52.51,52.4,52.4555,34900
STXS,08-Jan-2020,5.2,5.22,5.07,5.19,129400
SUB,08-Jan-2020,106.96,106.97,106.86,106.94,151600
SUSA,08-Jan-2020,134.3,135.252,134.226,134.8,26400
SVM,08-Jan-2020,5.66,5.66,5.31,5.35,1705100
SVT,08-Jan-2020,10.318,10.318,10.318,10.318,100
SVXY,08-Jan-2020,65.74,66.93,65.5,66.08,1859100
SWAN,08-Jan-2020,28.88,28.9772,28.88,28.945,5100
SYE,08-Jan-2020,90.1343,90.1343,90.025,90.025,300
SYG,08-Jan-2020,91.14,91.3305,91.14,91.3305,400
SYLD,08-Jan-2020,39.82,40.062,39.76,39.9113,4700
SYN,08-Jan-2020,0.5055,0.5299,0.4856,0.5146,524600
SYV,08-Jan-2020,71.5805,71.7105,71.45,71.7105,1500
SZK,08-Jan-2020,21.64,21.699,21.64,21.699,100
SZNE,08-Jan-2020,30.97,31.26,30.97,31.11,19200
TAGS,08-Jan-2020,19.6116,19.6116,19.5555,19.5555,300
TAIL,08-Jan-2020,19.61,19.61,19.3003,19.325,16700
TAL.W,08-Jan-2020,1.63,1.63,0.98,1.02,37300
TAN,08-Jan-2020,31.73,32.3,31.62,32.07,178200
TAPR,08-Jan-2020,200.229,202.2,200.229,200.967,800
TAT,08-Jan-2020,0.5208,0.5719,0.52,0.5393,183900
TAWK,08-Jan-2020,43.3217,44.35,43.05,43.9231,11100
TAXF,08-Jan-2020,53.3328,53.36,53.33,53.3455,28500
TBF,08-Jan-2020,19.27,19.5,19.23,19.43,1273600
TBND,08-Jan-2020,24.12,24.1542,24.1,24.1542,19900
TBT,08-Jan-2020,25.6,26.21,25.46,26.02,3278500
TBX,08-Jan-2020,26.35,26.47,26.35,26.4348,1200
TCTL,08-Jan-2020,32.4099,32.495,32.3997,32.495,6000
TDTF,08-Jan-2020,25.6606,25.671,25.6,25.6222,32800
TDTT,08-Jan-2020,24.74,24.75,24.7,24.72,84000
TDV,08-Jan-2020,41.731,41.8205,41.731,41.8205,400
TDW.W,08-Jan-2020,0.52,0.52,0.52,0.52,100
TECL,08-Jan-2020,248.66,259.15,247.5,256.17,352300
TECS,08-Jan-2020,69.2,69.7,66.5,67.4,1701600
TERM,08-Jan-2020,19.02,19.0995,19.0041,19.0995,2800
TFI,08-Jan-2020,50.99,51.08,50.9601,51.02,330900
TFIV,08-Jan-2020,24.57,24.57,24.5351,24.5351,44600
TFLO,08-Jan-2020,50.29,50.29,50.27,50.275,33900
TFLT,08-Jan-2020,24.6,24.62,24.55,24.5801,47800
TGB,08-Jan-2020,0.54,0.545,0.535,0.538,341600
TGC,08-Jan-2020,0.58,0.5888,0.5101,0.5101,24900
THCX,08-Jan-2020,11.73,11.95,11.5027,11.82,26600
THD,08-Jan-2020,85.34,86.14,85.02,85.47,235400
THM,08-Jan-2020,0.56,0.58,0.53,0.5482,304300
TILT,08-Jan-2020,127.21,127.77,127.2,127.4,25900
TIP,08-Jan-2020,117.05,117.18,116.7601,116.91,2121500
TIPX,08-Jan-2020,19.68,19.7,19.6444,19.665,30800
TIPZ,08-Jan-2020,60.05,60.0701,59.87,59.9624,16200
TKAT,08-Jan-2020,0.55,0.57,0.55,0.55,12400
TLDH,08-Jan-2020,29.2096,29.2096,29.2096,29.2096,0
TLEH,08-Jan-2020,28.6568,28.6568,28.6568,28.6568,100
TLH,08-Jan-2020,145.64,145.93,144.53,144.85,98800
TLTD,08-Jan-2020,64.73,64.92,64.6898,64.69,24600
TLTE,08-Jan-2020,52.7,53.3937,52.7,52.97,19900
TMDV,08-Jan-2020,40.645,40.75,40.621,40.7069,1500
TMF,08-Jan-2020,27.2,27.43,26.26,26.55,1077200
TMFC,08-Jan-2020,25.19,25.6,25.19,25.49,37800
TMP,08-Jan-2020,90.24,91.53,90.24,91.21,34000
TMQ,08-Jan-2020,2.43,2.48,2.35,2.355,56600
TMV,08-Jan-2020,112.1,116.1,111.3,115.1,1193100
TNA,08-Jan-2020,70.78,72.285,70.6305,71.51,2978800
TOK,08-Jan-2020,73.9,74.498,73.9,74.2746,1300
TOKE,08-Jan-2020,14.5,14.745,14.3252,14.633,11300
TOLZ,08-Jan-2020,46.69,46.82,46.62,46.62,86500
TOTL,08-Jan-2020,49.16,49.19,49.06,49.11,331600
TPAY,08-Jan-2020,32.1398,32.2599,32.1398,32.1893,500
TPHD,08-Jan-2020,26.65,26.73,26.5534,26.64,16500
TPHS,08-Jan-2020,3,3.13,2.96,3.09,25200
TPIF,08-Jan-2020,25.72,25.86,25.72,25.74,3600
TPLC,08-Jan-2020,27.22,27.35,27.2,27.3,18800
TPOR,08-Jan-2020,27.5,28.7676,27.5,28.32,9500
TPSC,08-Jan-2020,25.4211,25.45,25.352,25.3978,1300
TPYP,08-Jan-2020,23.53,23.53,23.3719,23.42,57400
TRND,08-Jan-2020,27.04,27.21,27.0297,27.1161,10700
TRT,08-Jan-2020,4.28,4.31,4.18,4.304,1900
TRTY,08-Jan-2020,24.699,24.73,24.699,24.725,4400
TRX,08-Jan-2020,0.6165,0.63,0.605,0.6071,328300
TRXC,08-Jan-2020,1.58,1.58,1.41,1.48,958100
TTAC,08-Jan-2020,39.42,39.8699,39.42,39.733,22100
TTAI,08-Jan-2020,27.12,27.219,27.12,27.219,300
TTT,08-Jan-2020,62.52,64.56,62,64,96700
TWM,08-Jan-2020,12.68,12.68,12.5,12.59,840900
TYD,08-Jan-2020,52.37,52.586,51.7334,51.7959,7500
TYO,08-Jan-2020,10.8,10.8946,10.8,10.8946,600
TZA,08-Jan-2020,35.75,35.81,35,35.39,2992700
UAG,08-Jan-2020,16.0499,16.0499,16.0499,16.0499,0
UAMY,08-Jan-2020,0.387,0.408,0.365,0.3744,69000
UAPR,08-Jan-2020,26.325,26.375,26.325,26.375,4400
UAUD,08-Jan-2020,14.9389,15.0501,14.93,15.0501,400
UAUG,08-Jan-2020,25.9134,25.9216,25.9134,25.9216,200
UAVS,08-Jan-2020,0.546,0.56,0.5221,0.53,83900
UBG,08-Jan-2020,38.8905,38.8905,38.8905,38.8905,100
UBOT,08-Jan-2020,133,137.127,132.802,135.6,75300
UBR,08-Jan-2020,88.85,89.21,88.07,88.9118,2100
UBT,08-Jan-2020,48.9,49.025,47.81,48.12,9100
UCC,08-Jan-2020,60.01,60.785,59.965,60.4145,7400
UCHF,08-Jan-2020,20.1552,20.1552,20.1552,20.1552,0
UCI,08-Jan-2020,14.96,14.989,14.82,14.9,5800
UCIB,08-Jan-2020,14.875,14.875,14.875,14.875,100
UCO,08-Jan-2020,532.5,534,478,498.75,6271700
UCON,08-Jan-2020,25.81,25.9,25.8,25.85,163700
UDEC,08-Jan-2020,26.7404,26.8,26.7404,26.7652,1600
UDN,08-Jan-2020,20.35,20.3638,20.3,20.325,145100
UDOW,08-Jan-2020,124.34,128.601,124,127.12,585100
UEC,08-Jan-2020,0.8895,0.9144,0.8701,0.9144,781900
UEUR,08-Jan-2020,15.54,15.58,15.4601,15.4601,900
UEVM,08-Jan-2020,44.27,44.67,44.27,44.4966,6400
UFAB,08-Jan-2020,3.89,3.9893,3.89,3.93,10000
UGA,08-Jan-2020,32.86,32.86,31.19,31.91,45400
UGBP,08-Jan-2020,19.1085,19.11,18.91,18.9279,2100
UGE,08-Jan-2020,53.22,53.36,53.0784,53.0784,1700
UGL,08-Jan-2020,52.83,52.83,51.2,51.71,252700
UITB,08-Jan-2020,52.17,52.18,52,52.09,64600
UIVM,08-Jan-2020,46.3638,46.375,46.2734,46.2734,9700
UJAN,08-Jan-2020,27.9544,28.03,27.9201,27.9966,18400
UJB,08-Jan-2020,73.1172,73.1172,73.1172,73.1172,100
UJPY,08-Jan-2020,23.4641,23.4641,23.1736,23.1736,200
UJUL,08-Jan-2020,25.295,25.3168,25.25,25.3168,700
UJUN,08-Jan-2020,26.1397,26.1951,26.12,26.1951,1500
ULE,08-Jan-2020,13.5216,13.53,13.5142,13.5261,1600
ULST,08-Jan-2020,40.39,40.42,40.39,40.415,73500
ULTR,08-Jan-2020,50.14,50.14,50.14,50.14,500
ULVM,08-Jan-2020,53.37,53.8,53.37,53.6102,17000
UMDD,08-Jan-2020,121.89,122.6089,120.4653,121.4055,3000
UNG,08-Jan-2020,16.67,16.71,16.35,16.63,3627400
UNL,08-Jan-2020,8.3,8.39,8.3,8.385,1500
UNOV,08-Jan-2020,26.195,26.195,26.195,26.195,0
UOCT,08-Jan-2020,24.97,25.05,24.97,25.0084,19200
UPRO,08-Jan-2020,70.61,72.43,70.41,71.54,3823200
UPV,08-Jan-2020,54.9229,55.33,54.8301,55.0986,4300
UPW,08-Jan-2020,67.3515,68.1446,67.3515,67.6913,10600
URA,08-Jan-2020,10.9,10.92,10.79,10.79,510000
URE,08-Jan-2020,84.6077,85.21,84.6077,85.19,1300
URG,08-Jan-2020,0.58,0.58,0.555,0.5601,374600
URNM,08-Jan-2020,25.75,25.78,24.61,25.7257,7900
URTH,08-Jan-2020,99.02,99.6656,98.94,99.27,38400
URTY,08-Jan-2020,83.89,85.68,83.7434,84.85,153700
USAI,08-Jan-2020,23.5743,23.6012,23.4012,23.4012,400
USAS,08-Jan-2020,3.1,3.15,2.84,2.88,586400
USCI,08-Jan-2020,37.07,37.07,36.43,36.65,36600
USD,08-Jan-2020,62.59,63.1599,62.0124,62.5,31100
USDU,08-Jan-2020,26.88,26.967,26.85,26.955,2400
USDY,08-Jan-2020,28.0628,28.0628,28.0628,28.0628,0
USEP,08-Jan-2020,25.3791,25.405,25.3791,25.405,800
USEQ,08-Jan-2020,30.2164,30.2164,30.2164,30.2164,0
USFR,08-Jan-2020,25.08,25.09,25.08,25.09,454400
USHG,08-Jan-2020,27.8086,27.8086,27.8086,27.8086,0
USHY,08-Jan-2020,41.17,41.26,41.17,41.21,220600
USI,08-Jan-2020,24.9702,24.98,24.9702,24.98,400
USL,08-Jan-2020,23.53,23.61,22.53,22.8403,14800
USMF,08-Jan-2020,32.0108,32.1829,32.01,32.06,50800
USMV,08-Jan-2020,65.49,65.89,65.49,65.62,3759800
USO,08-Jan-2020,104.48,104.56,99.12,101.28,55420400
USRT,08-Jan-2020,53.83,54.0332,53.63,53.96,837800
USSG,08-Jan-2020,29.46,29.545,29.4234,29.4234,3300
UST,08-Jan-2020,63.44,63.44,62.8537,63.06,4600
USTB,08-Jan-2020,50.635,50.66,50.6141,50.635,3800
USV,08-Jan-2020,22.605,22.605,22.605,22.605,0
USVM,08-Jan-2020,53.78,54.179,53.78,53.9361,21100
UTES,08-Jan-2020,40.46,40.7,40.46,40.5156,11700
UTG,08-Jan-2020,37.15,37.37,36.93,37.37,104700
UTRN,08-Jan-2020,27.13,27.13,26.8956,27,7700
UTSL,08-Jan-2020,43.745,44.3,43.59,43.8074,9900
UUP,08-Jan-2020,26.15,26.21,26.1438,26.19,685600
UUU,08-Jan-2020,0.74,0.8394,0.68,0.7599,147100
UUU.W,08-Jan-2020,0.7,0.7,0.7,0.7,5000
UUUU,08-Jan-2020,1.84,1.89,1.75,1.76,1200400
UVXY,08-Jan-2020,12.55,12.69,11.86,12.37,20998400
UWM,08-Jan-2020,76.08,77.2,76.08,76.66,527300
UXI,08-Jan-2020,88.73,89.08,88.73,89.0772,8000
UYG,08-Jan-2020,52.74,53.7499,52.74,53.32,56000
UYM,08-Jan-2020,58.7422,59.4595,58.7422,59.11,1800
VALQ,08-Jan-2020,42.99,43.13,42.8318,43.0004,6000
VALT,08-Jan-2020,50.18,50.18,50.155,50.155,800
VAMO,08-Jan-2020,20.765,20.765,20.5774,20.5774,3500
VAW,08-Jan-2020,129.91,130.65,129.5,130.3,50800
VB,08-Jan-2020,165.26,166.26,165.1,165.71,448000
VBK,08-Jan-2020,199.8,201.4165,199.14,200.53,157500
VBND,08-Jan-2020,50.46,50.5,50.36,50.4556,21000
VBR,08-Jan-2020,135.8,136.46,135.57,135.94,224800
VCF,08-Jan-2020,14.97,15.1876,14.97,15.1876,2000
VCR,08-Jan-2020,190.87,192.56,190.87,191.62,48500
VDC,08-Jan-2020,158.75,159.8851,158.59,159.24,75100
VDE,08-Jan-2020,82.49,82.49,80.75,80.95,420000
VEA,08-Jan-2020,43.91,44.18,43.89,44.02,9948400
VEGA,08-Jan-2020,34.246,34.246,34.1651,34.1651,900
VEGI,08-Jan-2020,28.69,28.955,28.69,28.9527,700
VEGN,08-Jan-2020,27.4,27.6812,27.4,27.6497,7800
VEU,08-Jan-2020,53.71,54.08,53.67,53.9,2047300
VFH,08-Jan-2020,75.68,76.5,75.68,76.12,614400
VFL,08-Jan-2020,13.46,13.52,13.34,13.42,24300
VFLQ,08-Jan-2020,88.5851,88.5851,88.5851,88.5851,100
VFMF,08-Jan-2020,81.345,81.55,81.15,81.1948,3400
VFMO,08-Jan-2020,87.106,87.106,86.9444,86.9444,700
VFMV,08-Jan-2020,91.58,91.6112,91.3949,91.3949,5600
VFQY,08-Jan-2020,86.8283,86.92,86.6102,86.6102,800
VFVA,08-Jan-2020,78,78,77.54,77.7404,1400
VGK,08-Jan-2020,58.17,58.59,58.165,58.43,5358500
VGT,08-Jan-2020,247.69,251.158,247.38,250.12,622000
VGZ,08-Jan-2020,0.7626,0.787,0.701,0.715,338800
VHT,08-Jan-2020,191.4,193.44,191.36,192.54,248800
VIDI,08-Jan-2020,25.06,25.25,25.06,25.24,117900
VIG,08-Jan-2020,124.68,125.61,124.55,125.13,1964900
VIOG,08-Jan-2020,165.08,166.7,165.08,166.1254,6900
VIOO,08-Jan-2020,151.15,152.21,151.13,151.5,50600
VIOV,08-Jan-2020,137.59,138.27,137.41,137.57,22400
VIS,08-Jan-2020,156.05,157.0878,155.95,156.44,71200
VIXM,08-Jan-2020,21.1,21.1,20.64,20.85,55600
VIXY,08-Jan-2020,12.25,12.325,11.78,12.11,4896800
VKI,08-Jan-2020,11.32,11.35,11.31,11.35,74200
VLU,08-Jan-2020,112.8,113.4473,112.8,113.2435,1500
VLUE,08-Jan-2020,89.3,89.9,89.02,89.53,319200
VMM,08-Jan-2020,13.26,13.27,13.24,13.27,5700
VMOT,08-Jan-2020,25.12,25.24,25.1074,25.16,25700
VNLA,08-Jan-2020,49.68,49.725,49.67,49.69,324800
VNM,08-Jan-2020,15.85,15.92,15.7701,15.86,193200
VNQ,08-Jan-2020,91.39,91.81,91.06,91.63,6766300
VNRX,08-Jan-2020,4.9,4.99,4.88,4.95,41800
VO,08-Jan-2020,178.23,179.3979,178.13,178.54,636900
VOE,08-Jan-2020,118.17,118.81,118.048,118.37,202600
VOLT,08-Jan-2020,2.71,2.71,2.49,2.52,18500
VOO,08-Jan-2020,296.71,299.31,296.47,298.06,3724300
VOOG,08-Jan-2020,176.24,178.0998,176.1549,177.38,123400
VOOV,08-Jan-2020,124.96,125.7994,124.87,125.245,64100
VOT,08-Jan-2020,160.37,161.659,160.37,160.89,182800
VOX,08-Jan-2020,95.78,96.7323,95.78,96.31,137200
VPC,08-Jan-2020,25.3,25.33,25.1977,25.22,30000
VPL,08-Jan-2020,69.48,69.97,69.48,69.74,272600
VPU,08-Jan-2020,141.23,141.64,140.89,141.08,172200
VRAI,08-Jan-2020,25.21,25.35,25.21,25.2915,17300
VRP,08-Jan-2020,25.87,25.94,25.87,25.93,260100
VSGX,08-Jan-2020,53.3,53.6837,53.2785,53.51,91000
VSL,08-Jan-2020,31.438,31.596,31.438,31.4767,70900
VSS,08-Jan-2020,110.26,110.68,110.11,110.41,116400
VT,08-Jan-2020,81.09,81.7267,81.08,81.45,3532700
VTEB,08-Jan-2020,53.91,53.92,53.85,53.88,946600
VTI,08-Jan-2020,164.2,165.545,164.04,164.91,4246100
VTV,08-Jan-2020,119.21,119.9624,119.11,119.45,1401600
VUG,08-Jan-2020,184.72,186.85,184.5,186.09,667100
VUSE,08-Jan-2020,33.168,33.2781,32.98,33.14,50900
VV,08-Jan-2020,148.4,149.73,148.3758,149.1,194100
VWO,08-Jan-2020,44.51,45.025,44.4701,44.82,11113800
VXF,08-Jan-2020,126.14,127.11,126.12,126.67,216000
VXX,08-Jan-2020,14.91,15,14.33,14.8,48374100
VXZ,08-Jan-2020,17.4599,17.53,17.195,17.37,75300
VYM,08-Jan-2020,92.96,93.49,92.86,93.14,953900
WANT,08-Jan-2020,36.16,36.5713,35.8646,36.0228,13200
WBIE,08-Jan-2020,27.94,28.0482,27.9146,27.9146,7700
WBIF,08-Jan-2020,27.61,27.7326,27.5945,27.6535,6000
WBIG,08-Jan-2020,24.4,24.54,24.39,24.4504,10500
WBII,08-Jan-2020,25.52,25.52,25.44,25.45,9000
WBIL,08-Jan-2020,27.26,27.3704,27.232,27.257,6900
WBIN,08-Jan-2020,19.6533,19.66,19.61,19.635,18100
WBIT,08-Jan-2020,20.34,20.47,20.34,20.45,28800
WBIY,08-Jan-2020,26.35,26.45,26.29,26.4208,10400
WDIV,08-Jan-2020,71.02,71.35,70.99,71.1664,19200
WEAT,08-Jan-2020,5.76,5.82,5.7448,5.8,71800
WEBL,08-Jan-2020,30.32,31.05,30.073,30.6424,5600
WEBS,08-Jan-2020,197.55,200.169,197.155,200.169,500
WFHY,08-Jan-2020,52.2,52.3,52.18,52.22,11100
WFIG,08-Jan-2020,52.63,52.63,52.355,52.355,2000
WIL,08-Jan-2020,74.7434,74.7434,74.7434,74.7434,0
WIP,08-Jan-2020,55.07,55.1138,55.05,55.0696,14100
WIZ,08-Jan-2020,27.1975,27.31,27.1235,27.2,20600
WLDR,08-Jan-2020,23.74,24.01,23.74,23.945,1000
WOMN,08-Jan-2020,23.197,23.23,23.1877,23.1877,1200
WPS,08-Jan-2020,38.62,38.69,38.5604,38.5604,26000
WRN,08-Jan-2020,0.86,0.865,0.839,0.8526,276100
WTMF,08-Jan-2020,37.1901,37.23,36.875,36.99,21400
WTT,08-Jan-2020,1.41,1.44,1.37,1.37,12600
WWJD,08-Jan-2020,27.75,27.755,27.67,27.71,3100
WYY,08-Jan-2020,0.3949,0.415,0.3911,0.4092,154700
XAR,08-Jan-2020,115.07,115.4184,114.1544,114.39,460300
XBI,08-Jan-2020,94.23,95.99,93.89,95.61,3093500
XBUY,08-Jan-2020,28.48,28.5671,28.48,28.5671,100
XCEM,08-Jan-2020,28.3,28.3,27.745,27.8047,1200
XDIV,08-Jan-2020,67.7353,67.845,67.7113,67.7113,1300
XES,08-Jan-2020,81.9,82.1,78.8,79.4,1361300
XHB,08-Jan-2020,45.87,46.485,45.74,45.98,2328500
XHE,08-Jan-2020,85.85,86.6,85.85,86.25,21600
XHS,08-Jan-2020,72.47,73.67,72.47,73.575,4600
XITK,08-Jan-2020,117.81,120.31,117.81,119.75,9300
XLB,08-Jan-2020,59.4,59.84,59.2,59.6,8079600
XLC,08-Jan-2020,54.73,55.365,54.66,55.09,4161100
XLE,08-Jan-2020,60.65,60.72,59.63,59.71,19038000
XLF,08-Jan-2020,30.56,30.9,30.56,30.73,47982900
XLG,08-Jan-2020,234.67,237.19,234.67,236.18,29700
XLI,08-Jan-2020,82.77,83.36,82.625,82.99,10677700
XLK,08-Jan-2020,92.62,93.92,92.45,93.51,11633300
XLP,08-Jan-2020,62.08,62.52,61.96,62.26,11451300
XLRE,08-Jan-2020,38.13,38.34,37.99,38.28,5089000
XLSR,08-Jan-2020,34.2199,34.5,34.2199,34.3492,5600
XLU,08-Jan-2020,63.94,64.16,63.78,63.88,12741600
XLV,08-Jan-2020,101.72,102.785,101.68,102.33,7494700
XLY,08-Jan-2020,125.87,127.05,125.75,126.36,4725900
XME,08-Jan-2020,28.87,28.88,28.25,28.29,2787100
XMHQ,08-Jan-2020,53.7669,53.7862,53.7669,53.7862,100
XMLV,08-Jan-2020,53.02,53.16,52.94,53.03,309800
XMMO,08-Jan-2020,61.22,61.5,61.2,61.22,174500
XMPT,08-Jan-2020,27.68,27.79,27.68,27.79,16200
XMVM,08-Jan-2020,34.98,35.2067,34.92,35.0268,10500
XNTK,08-Jan-2020,83.9,85,83.8086,84.5294,20500
XOP,08-Jan-2020,97.6,97.84,93.46,94.2,44802200
XOUT,08-Jan-2020,28.45,28.7066,28.44,28.5914,16500
XPH,08-Jan-2020,44.86,45.06,44.71,44.74,44700
XPL,08-Jan-2020,0.3,0.3075,0.2951,0.3016,93200
XPP,08-Jan-2020,67.93,69.36,67.61,68.6219,25600
XRLV,08-Jan-2020,41.07,41.2442,41.07,41.1415,2300
XRT,08-Jan-2020,45.73,45.78,45.185,45.4,4680400
XSD,08-Jan-2020,107.35,108.61,107.09,107.86,103700
XSHD,08-Jan-2020,24.34,24.36,24.22,24.22,220200
XSHQ,08-Jan-2020,28.94,28.9611,28.94,28.9611,100
XSLV,08-Jan-2020,50.29,50.5376,50.23,50.39,179500
XSMO,08-Jan-2020,39.4328,39.6788,39.4328,39.5999,7700
XSOE,08-Jan-2020,31.32,31.663,31.3,31.48,102700
XSVM,08-Jan-2020,33.09,33.46,33.09,33.2822,17400
XSW,08-Jan-2020,103.35,104.7,103.35,104.21,15100
XTL,08-Jan-2020,70.14,70.68,70.0625,70.42,8700
XTN,08-Jan-2020,63.99,65.2165,63.99,64.87,13100
XTNT,08-Jan-2020,1.57,1.5912,1.57,1.582,700
XVZ,08-Jan-2020,19.0934,19.0934,19.0934,19.0934,0
XWEB,08-Jan-2020,84.0899,84.75,84.05,84.1283,1900
XXII,08-Jan-2020,1.1,1.1,1.05,1.07,1337500
YANG,08-Jan-2020,38.59,38.7398,37.29,37.93,337700
YCB-A,08-Jan-2020,7,7.05,6.7,6.899,6500
YCBD,08-Jan-2020,1.9,1.91,1.58,1.59,451700
YCL,08-Jan-2020,55.75,55.75,55.258,55.409,300
YCS,08-Jan-2020,77.07,77.18,76.9288,76.9288,4900
YGRN,08-Jan-2020,46.5683,46.5683,46.5413,46.5413,200
YINN,08-Jan-2020,22.13,22.92,22.04,22.59,3126000
YLD,08-Jan-2020,40.32,41.05,40.32,41.04,2600
YOLO,08-Jan-2020,11.18,11.455,11.1021,11.3,56300
YXI,08-Jan-2020,17.82,17.82,17.63,17.7091,5100
YYY,08-Jan-2020,17.95,17.99,17.9405,17.97,139700
ZCAN,08-Jan-2020,62.455,62.455,62.3519,62.3519,900
ZDEU,08-Jan-2020,60.326,60.34,60.2615,60.2615,300
ZDGE,08-Jan-2020,1.56,1.57,1.56,1.57,3300
ZGBR,08-Jan-2020,51.965,52.04,51.965,52.0377,8400
ZHOK,08-Jan-2020,64.2408,64.2408,64.2408,64.2408,200
ZIG,08-Jan-2020,27.175,27.28,27.1669,27.2017,3700
ZJPN,08-Jan-2020,78.6,78.6,78.56,78.56,900
ZMLP,08-Jan-2020,99.52,99.7864,98.216,98.8,22000
ZOM,08-Jan-2020,0.324,0.3314,0.315,0.3201,55700
ZROZ,08-Jan-2020,136.98,137.39,134.02,135,35000
ZSL,08-Jan-2020,25.33,26.21,25.33,26.04,86500
